Id,CIF,Entidad_Norm,Provincia_Entidad,ID_ENTIDAD,NIF_COD,ACRONIMO,NOMBRE_ENTIDAD,Nombre_Entidad_Mostrar,TIPO_ENTIDAD_N1_1,TIPO_ENTIDAD_N2_1,DIRECCION_POSTAL,COD_POSTAL,COD_PROVINCIA,PROVINCIA,COD_CCAA,CCAA,ENLACE_WEB,SOMMA,TIPO_ENTIDAD_REGIONAL,ESTADO_x,CodigoInvente,DenominacionSocial,FormaJuridica_Codigo,FormaJuridica_Descripcion,NIF,codigoDir3,codigoOrigen,Provincia_Codigo,C_ID_UD_ORGANICA,C_DNM_UD_ORGANICA,C_ID_NIVEL_ADMON,C_ID_TIPO_ENT_PUBLICA,N_NIVEL_JERARQUICO,C_ID_DEP_UD_SUPERIOR,C_DNM_UD_ORGANICA_SUPERIOR,C_ID_DEP_UD_PRINCIPAL,C_DNM_UD_ORGANICA_PRINCIPAL,B_SW_DEP_EDP_PRINCIPAL,C_ID_DEP_EDP_PRINCIPAL,C_DNM_UD_ORGANICA_EDP_PRINCIPAL,C_ID_ESTADO,D_VIG_ALTA_OFICIAL,NIF_CIF,C_ID_AMB_PROVINCIA,C_DESC_PROV,CONTACTOS,List_Entidad_Norm,List_Provincia_Entidad,List_CIF,Similitud_invente
8195,instituto geografico nacional,,,,,,,,,,,,,,,,,,,,,,,,,,,,,,,,,,,,instituto geografico nacional,,,,,,,,,,,,,
8196,centro de investigacion apicola y agroambiental ciapa,,,,,,,,,,,,,,,,,,,,,,,,,,,,,,,,,,,,centro de investigacion apicola y agroambiental ciapa,,,,,,,,,,,,,
8197,xdpto remugants,,,,,,,,,,,,,,,,,,,,,,,,,,,,,,,,,,,,xdpto remugants,,,,,,,,,,,,,
8198,77,,,,,,,,,,,,,,,,,,,,,,,,,,,,,,,,,,,,77,,,,,,,,,,,,,
8199,departamento de investigacion y prospectiva geocientifica,,,,,,,,,,,,,,,,,,,,,,,,,,,,,,,,,,,,departamento de investigacion y prospectiva geocientifica,,,,,,,,,,,,,
8200,instituto geologico y minero de espana,,,,,,,,,,,,,,,,,,,,,,,,,,,,,,,,,,,,instituto geologico y minero de espana,,,,,,,,,,,,,
8201,oficina de canarias,,,,,,,,,,,,,,,,,,,,,,,,,,,,,,,,,,,,oficina de canarias,,,,,,,,,,,,,
8202,724,,,,,,,,,,,,,,,,,,,,,,,,,,,,,,,,,,,,724,,,,,,,,,,,,,
8203,77,,,,,,,,,,,,,,,,,,,,,,,,,,,,,,,,,,,,77,,,,,,,,,,,,,
8204,77,,,,,,,,,,,,,,,,,,,,,,,,,,,,,,,,,,,,77,,,,,,,,,,,,,
8205,77,,,,,,,,,,,,,,,,,,,,,,,,,,,,,,,,,,,,77,,,,,,,,,,,,,
8206,77,,,,,,,,,,,,,,,,,,,,,,,,,,,,,,,,,,,,77,,,,,,,,,,,,,
8207,77,,,,,,,,,,,,,,,,,,,,,,,,,,,,,,,,,,,,77,,,,,,,,,,,,,
8208,77,,,,,,,,,,,,,,,,,,,,,,,,,,,,,,,,,,,,77,,,,,,,,,,,,,
8209,77,,,,,,,,,,,,,,,,,,,,,,,,,,,,,,,,,,,,77,,,,,,,,,,,,,
8210,77,,,,,,,,,,,,,,,,,,,,,,,,,,,,,,,,,,,,77,,,,,,,,,,,,,
8211,77,,,,,,,,,,,,,,,,,,,,,,,,,,,,,,,,,,,,77,,,,,,,,,,,,,
8212,77,,,,,,,,,,,,,,,,,,,,,,,,,,,,,,,,,,,,77,,,,,,,,,,,,,
8213,77,,,,,,,,,,,,,,,,,,,,,,,,,,,,,,,,,,,,77,,,,,,,,,,,,,
8214,77,,,,,,,,,,,,,,,,,,,,,,,,,,,,,,,,,,,,77,,,,,,,,,,,,,
8215,77,,,,,,,,,,,,,,,,,,,,,,,,,,,,,,,,,,,,77,,,,,,,,,,,,,
8216,77,,,,,,,,,,,,,,,,,,,,,,,,,,,,,,,,,,,,77,,,,,,,,,,,,,
8217,77,,,,,,,,,,,,,,,,,,,,,,,,,,,,,,,,,,,,77,,,,,,,,,,,,,
8218,77,,,,,,,,,,,,,,,,,,,,,,,,,,,,,,,,,,,,77,,,,,,,,,,,,,
8219,77,,,,,,,,,,,,,,,,,,,,,,,,,,,,,,,,,,,,77,,,,,,,,,,,,,
8220,centro de astrobiologia cab,,,,,,,,,,,,,,,,,,,,,,,,,,,,,,,,,,,,centro de astrobiologia cab,,,,,,,,,,,,,
8221,centro de automatica y robotica car,,,,,,,,,,,,,,,,,,,,,,,,,,,,,,,,,,,,centro de automatica y robotica car,,,,,,,,,,,,,
8222,centro de biologia molecular severo ochoa,,,,,,,,,,,,,,,,,,,,,,,,,,,,,,,,,,,,centro de biologia molecular severo ochoa,,,,,,,,,,,,,
8223,centro de biologia molecular severo ochoa cbm,,,,,,,,,,,,,,,,,,,,,,,,,,,,,,,,,,,,centro de biologia molecular severo ochoa cbm,,,,,,,,,,,,,
8224,centro de biologia molecular severo ochoa cbm,,,,,,,,,,,,,,,,,,,,,,,,,,,,,,,,,,,,centro de biologia molecular severo ochoa cbm,,,,,,,,,,,,,
8225,centro de biologia molecular severo ochoa cbm,,,,,,,,,,,,,,,,,,,,,,,,,,,,,,,,,,,,centro de biologia molecular severo ochoa cbm,,,,,,,,,,,,,
8226,centro de edafologia y biologia aplicada del segura cebas,,,,,,,,,,,,,,,,,,,,,,,,,,,,,,,,,,,,centro de edafologia y biologia aplicada del segura cebas,,,,,,,,,,,,,
8227,centro de edafologia y biologia aplicada del segura cebas csic,,,,,,,,,,,,,,,,,,,,,,,,,,,,,,,,,,,,centro de edafologia y biologia aplicada del segura cebas csic,,,,,,,,,,,,,
8228,centro de estudios avanzados de blanes ceab,,,,,,,,,,,,,,,,,,,,,,,,,,,,,,,,,,,,centro de estudios avanzados de blanes ceab,,,,,,,,,,,,,
8229,centro de fisica de materiales cfm,,,,,,,,,,,,,,,,,,,,,,,,,,,,,,,,,,,,centro de fisica de materiales cfm,,,,,,,,,,,,,
8230,centro de investigaciones biologicas cib,,,,,,,,,,,,,,,,,,,,,,,,,,,,,,,,,,,,centro de investigaciones biologicas cib,,,,,,,,,,,,,
8231,centro de investigaciones biologicas cib,,,,,,,,,,,,,,,,,,,,,,,,,,,,,,,,,,,,centro de investigaciones biologicas cib,,,,,,,,,,,,,
8232,centro de investigaciones sobre desertificacion cide,,,,,,,,,,,,,,,,,,,,,,,,,,,,,,,,,,,,centro de investigaciones sobre desertificacion cide,,,,,,,,,,,,,
8233,centro nacional de biotecnologia cnb,,,,,,,,,,,,,,,,,,,,,,,,,,,,,,,,,,,,centro nacional de biotecnologia cnb,,,,,,,,,,,,,
8234,centro nacional de biotecnologia cnb,,,,,,,,,,,,,,,,,,,,,,,,,,,,,,,,,,,,centro nacional de biotecnologia cnb,,,,,,,,,,,,,
8235,centro nacional de biotecnologia cnb,,,,,,,,,,,,,,,,,,,,,,,,,,,,,,,,,,,,centro nacional de biotecnologia cnb,,,,,,,,,,,,,
8236,centro nacional de biotecnologia cnb,,,,,,,,,,,,,,,,,,,,,,,,,,,,,,,,,,,,centro nacional de biotecnologia cnb,,,,,,,,,,,,,
8237,csic instituto de agrobiotecnologia,,,,,,,,,,,,,,,,,,,,,,,,,,,,,,,,,,,,csic instituto de agrobiotecnologia,,,,,,,,,,,,,
8238,departamento de electroceramica,,,,,,,,,,,,,,,,,,,,,,,,,,,,,,,,,,,,departamento de electroceramica,,,,,,,,,,,,,
8239,departamento de mejora vegetal,,,,,,,,,,,,,,,,,,,,,,,,,,,,,,,,,,,,departamento de mejora vegetal,,,,,,,,,,,,,
8240,dpto biodiversidad y conservacion,,,,,,,,,,,,,,,,,,,,,,,,,,,,,,,,,,,,dpto biodiversidad y conservacion,,,,,,,,,,,,,
8241,dpto de ecologia funcional y evolutiva,,,,,,,,,,,,,,,,,,,,,,,,,,,,,,,,,,,,dpto de ecologia funcional y evolutiva,,,,,,,,,,,,,
8242,dpto de isquemia cerebral y neurodegeneracion,,,,,,,,,,,,,,,,,,,,,,,,,,,,,,,,,,,,dpto de isquemia cerebral y neurodegeneracion,,,,,,,,,,,,,
8243,dpto de microbiologia del suelo y sistemas simbioticos,,,,,,,,,,,,,,,,,,,,,,,,,,,,,,,,,,,,dpto de microbiologia del suelo y sistemas simbioticos,,,,,,,,,,,,,
8244,dpto mejora genetica vegetal,,,,,,,,,,,,,,,,,,,,,,,,,,,,,,,,,,,,dpto mejora genetica vegetal,,,,,,,,,,,,,
8245,dpto quimica macromolecular,,,,,,,,,,,,,,,,,,,,,,,,,,,,,,,,,,,,dpto quimica macromolecular,,,,,,,,,,,,,
8246,dpto suelo y agua,,,,,,,,,,,,,,,,,,,,,,,,,,,,,,,,,,,,dpto suelo y agua,,,,,,,,,,,,,
8247,estacion biologica de donana,,,,,,,,,,,,,,,,,,,,,,,,,,,,,,,,,,,,estacion biologica de donana,,,,,,,,,,,,,
8248,estacion biologica de donana ebd,,,,,,,,,,,,,,,,,,,,,,,,,,,,,,,,,,,,estacion biologica de donana ebd,,,,,,,,,,,,,
8249,estacion biologica de donana ebd,,,,,,,,,,,,,,,,,,,,,,,,,,,,,,,,,,,,estacion biologica de donana ebd,,,,,,,,,,,,,
8250,estacion biologica de donana ebd,,,,,,,,,,,,,,,,,,,,,,,,,,,,,,,,,,,,estacion biologica de donana ebd,,,,,,,,,,,,,
8251,estacion experimental de zonas aridas,,,,,,,,,,,,,,,,,,,,,,,,,,,,,,,,,,,,estacion experimental de zonas aridas,,,,,,,,,,,,,
8252,estacion experimental del zaidin eez,,,,,,,,,,,,,,,,,,,,,,,,,,,,,,,,,,,,estacion experimental del zaidin eez,,,,,,,,,,,,,
8253,french national centre for scientific research universite paul sabatier,,,,,,,,,,,,,,,,,,,,,,,,,,,,,,,,,,,,french national centre for scientific research universite paul sabatier,,,,,,,,,,,,,
8254,institucion mila i fontanals imf,,,,,,,,,,,,,,,,,,,,,,,,,,,,,,,,,,,,institucion mila i fontanals imf,,,,,,,,,,,,,
8255,instituto cajal actual,,,,,,,,,,,,,,,,,,,,,,,,,,,,,,,,,,,,instituto cajal actual,,,,,,,,,,,,,
8256,instituto cajal actual,,,,,,,,,,,,,,,,,,,,,,,,,,,,,,,,,,,,instituto cajal actual,,,,,,,,,,,,,
8257,instituto de agroquimica y tecnologia de alimentos iata,,,,,,,,,,,,,,,,,,,,,,,,,,,,,,,,,,,,instituto de agroquimica y tecnologia de alimentos iata,,,,,,,,,,,,,
8258,instituto de astrofisica de andalucia iaa,,,,,,,,,,,,,,,,,,,,,,,,,,,,,,,,,,,,instituto de astrofisica de andalucia iaa,,,,,,,,,,,,,
8259,instituto de astrofisica de andalucia iaa,,,,,,,,,,,,,,,,,,,,,,,,,,,,,,,,,,,,instituto de astrofisica de andalucia iaa,,,,,,,,,,,,,
8260,instituto de biologia integrativa de sistemas,,,,,,,,,,,,,,,,,,,,,,,,,,,,,,,,,,,,instituto de biologia integrativa de sistemas,,,,,,,,,,,,,
8261,instituto de biologia molecular y celular de plantas p yufera ibmcp,,,,,,,,,,,,,,,,,,,,,,,,,,,,,,,,,,,,instituto de biologia molecular y celular de plantas p yufera ibmcp,,,,,,,,,,,,,
8262,instituto de biologia molecular y celular del cancer ibmcc,,,,,,,,,,,,,,,,,,,,,,,,,,,,,,,,,,,,instituto de biologia molecular y celular del cancer ibmcc,,,,,,,,,,,,,
8263,instituto de biomedicina de valencia,,,,,,,,,,,,,,,,,,,,,,,,,,,,,,,,,,,,instituto de biomedicina de valencia,,,,,,,,,,,,,
8264,instituto de catalisis y petroleoquimica icp,,,,,,,,,,,,,,,,,,,,,,,,,,,,,,,,,,,,instituto de catalisis y petroleoquimica icp,,,,,,,,,,,,,
8265,instituto de ciencia de materiales de barcelona icmab,,,,,,,,,,,,,,,,,,,,,,,,,,,,,,,,,,,,instituto de ciencia de materiales de barcelona icmab,,,,,,,,,,,,,
8266,instituto de ciencia de materiales de madrid icmm,,,,,,,,,,,,,,,,,,,,,,,,,,,,,,,,,,,,instituto de ciencia de materiales de madrid icmm,,,,,,,,,,,,,
8267,instituto de ciencia de materiales de madrid icmm,,,,,,,,,,,,,,,,,,,,,,,,,,,,,,,,,,,,instituto de ciencia de materiales de madrid icmm,,,,,,,,,,,,,
8268,instituto de ciencia de materiales de sevilla icms,,,,,,,,,,,,,,,,,,,,,,,,,,,,,,,,,,,,instituto de ciencia de materiales de sevilla icms,,,,,,,,,,,,,
8269,instituto de ciencia y tecnologia de polimeros ictp,,,,,,,,,,,,,,,,,,,,,,,,,,,,,,,,,,,,instituto de ciencia y tecnologia de polimeros ictp,,,,,,,,,,,,,
8270,instituto de ciencia y tecnologia de polimeros ictp,,,,,,,,,,,,,,,,,,,,,,,,,,,,,,,,,,,,instituto de ciencia y tecnologia de polimeros ictp,,,,,,,,,,,,,
8271,instituto de ciencias de la construccion eduardo torroja ietcc,,,,,,,,,,,,,,,,,,,,,,,,,,,,,,,,,,,,instituto de ciencias de la construccion eduardo torroja ietcc,,,,,,,,,,,,,
8272,instituto de ciencias de la tierra jaume almera ictja,,,,,,,,,,,,,,,,,,,,,,,,,,,,,,,,,,,,instituto de ciencias de la tierra jaume almera ictja,,,,,,,,,,,,,
8273,instituto de ciencias del mar icm,,,,,,,,,,,,,,,,,,,,,,,,,,,,,,,,,,,,instituto de ciencias del mar icm,,,,,,,,,,,,,
8274,instituto de ciencias del patrimonio,,,,,,,,,,,,,,,,,,,,,,,,,,,,,,,,,,,,instituto de ciencias del patrimonio,,,,,,,,,,,,,
8275,instituto de estudios gallegos padre sarmiento iegps,,,,,,,,,,,,,,,,,,,,,,,,,,,,,,,,,,,,instituto de estudios gallegos padre sarmiento iegps,,,,,,,,,,,,,
8276,instituto de estudios sociales de andalucia iesa,,,,,,,,,,,,,,,,,,,,,,,,,,,,,,,,,,,,instituto de estudios sociales de andalucia iesa,,,,,,,,,,,,,
8277,instituto de fisica corpuscular ific,,,,,,,,,,,,,,,,,,,,,,,,,,,,,,,,,,,,instituto de fisica corpuscular ific,,,,,,,,,,,,,
8278,instituto de fisica fundamental,,,,,,,,,,,,,,,,,,,,,,,,,,,,,,,,,,,,instituto de fisica fundamental,,,,,,,,,,,,,
8279,instituto de fisica teorica uam csic,,,,,,,,,,,,,,,,,,,,,,,,,,,,,,,,,,,,instituto de fisica teorica uam csic,,,,,,,,,,,,,
8280,instituto de ganaderia de montana igm,,,,,,,,,,,,,,,,,,,,,,,,,,,,,,,,,,,,instituto de ganaderia de montana igm,,,,,,,,,,,,,
8281,instituto de geociencias igeo,,,,,,,,,,,,,,,,,,,,,,,,,,,,,,,,,,,,instituto de geociencias igeo,,,,,,,,,,,,,
8282,instituto de historia ih,,,,,,,,,,,,,,,,,,,,,,,,,,,,,,,,,,,,instituto de historia ih,,,,,,,,,,,,,
8283,instituto de historia ih,,,,,,,,,,,,,,,,,,,,,,,,,,,,,,,,,,,,instituto de historia ih,,,,,,,,,,,,,
8284,instituto de investigacion en ciencias de alimentacion,,,,,,,,,,,,,,,,,,,,,,,,,,,,,,,,,,,,instituto de investigacion en ciencias de alimentacion,,,,,,,,,,,,,
8285,instituto de investigacion en ciencias de alimentacion,,,,,,,,,,,,,,,,,,,,,,,,,,,,,,,,,,,,instituto de investigacion en ciencias de alimentacion,,,,,,,,,,,,,
8286,instituto de investigacion en recursos cinegeticos irec,,,,,,,,,,,,,,,,,,,,,,,,,,,,,,,,,,,,instituto de investigacion en recursos cinegeticos irec,,,,,,,,,,,,,
8287,instituto de investigaciones biomedicas alberto sols iibm,,,,,,,,,,,,,,,,,,,,,,,,,,,,,,,,,,,,instituto de investigaciones biomedicas alberto sols iibm,,,,,,,,,,,,,
8288,instituto de investigaciones quimicas iiq,,,,,,,,,,,,,,,,,,,,,,,,,,,,,,,,,,,,instituto de investigaciones quimicas iiq,,,,,,,,,,,,,
8289,instituto de la grasa ig,,,,,,,,,,,,,,,,,,,,,,,,,,,,,,,,,,,,instituto de la grasa ig,,,,,,,,,,,,,
8290,instituto de lengua literatura y antropologia illa,,,,,,,,,,,,,,,,,,,,,,,,,,,,,,,,,,,,instituto de lengua literatura y antropologia illa,,,,,,,,,,,,,
8291,instituto de lenguas y culturas del mediterraneo y oriente proximo ilc,,,,,,,,,,,,,,,,,,,,,,,,,,,,,,,,,,,,instituto de lenguas y culturas del mediterraneo y oriente proximo ilc,,,,,,,,,,,,,
8292,instituto de micro y nanotecnologia inm,,,,,,,,,,,,,,,,,,,,,,,,,,,,,,,,,,,,instituto de micro y nanotecnologia inm,,,,,,,,,,,,,
8293,instituto de microelectronica de barcelona centro nacional de microelectronica imb cnm,,,,,,,,,,,,,,,,,,,,,,,,,,,,,,,,,,,,instituto de microelectronica de barcelona centro nacional de microelectronica imb cnm,,,,,,,,,,,,,
8294,instituto de neurociencias in,,,,,,,,,,,,,,,,,,,,,,,,,,,,,,,,,,,,instituto de neurociencias in,,,,,,,,,,,,,
8295,instituto de neurociencias in,,,,,,,,,,,,,,,,,,,,,,,,,,,,,,,,,,,,instituto de neurociencias in,,,,,,,,,,,,,
8296,instituto de productos naturales y agrobiologia ipna,,,,,,,,,,,,,,,,,,,,,,,,,,,,,,,,,,,,instituto de productos naturales y agrobiologia ipna,,,,,,,,,,,,,
8297,instituto de recursos naturales y agrobiologia irnasa,,,,,,,,,,,,,,,,,,,,,,,,,,,,,,,,,,,,instituto de recursos naturales y agrobiologia irnasa,,,,,,,,,,,,,
8298,instituto de sintesis quimica y catalisis homogenea isqch,,,,,,,,,,,,,,,,,,,,,,,,,,,,,,,,,,,,instituto de sintesis quimica y catalisis homogenea isqch,,,,,,,,,,,,,
8299,instituto de tecnologias fisicas y de la informacion leonardo torres quevedo itefi,,,,,,,,,,,,,,,,,,,,,,,,,,,,,,,,,,,,instituto de tecnologias fisicas y de la informacion leonardo torres quevedo itefi,,,,,,,,,,,,,
8300,instituto pirenaico de ecologia ipe,,,,,,,,,,,,,,,,,,,,,,,,,,,,,,,,,,,,instituto pirenaico de ecologia ipe,,,,,,,,,,,,,
8301,mision biologica de galicia mbg,,,,,,,,,,,,,,,,,,,,,,,,,,,,,,,,,,,,mision biologica de galicia mbg,,,,,,,,,,,,,
8302,museo nacional de ciencias naturales mncn,,,,,,,,,,,,,,,,,,,,,,,,,,,,,,,,,,,,museo nacional de ciencias naturales mncn,,,,,,,,,,,,,
8303,centro nacional de microbiologia,,,,,,,,,,,,,,,,,,,,,,,,,,,,,,,,,,,,centro nacional de microbiologia,,,,,,,,,,,,,
8304,escuela nacional de sanidad,,,,,,,,,,,,,,,,,,,,,,,,,,,,,,,,,,,,escuela nacional de sanidad,,,,,,,,,,,,,
8305,unidad funcional de investigacion de enfermedades cronicas,,,,,,,,,,,,,,,,,,,,,,,,,,,,,,,,,,,,unidad funcional de investigacion de enfermedades cronicas,,,,,,,,,,,,,
8306,agr consorcio ciber para el area tematica de salud mental cibersam,,,,,,,,,,,,,,,,,,,,,,,,,,,,,,,,,,,,agr consorcio ciber para el area tematica de salud mental cibersam,,,,,,,,,,,,,
8308,77,,,,,,,,,,,,,,,,,,,,,,,,,,,,,,,,,,,,77,,,,,,,,,,,,,
8309,77,,,,,,,,,,,,,,,,,,,,,,,,,,,,,,,,,,,,77,,,,,,,,,,,,,
8311,departamento de investigacion basica,,,,,,,,,,,,,,,,,,,,,,,,,,,,,,,,,,,,departamento de investigacion basica,,,,,,,,,,,,,
8312,departamento de investigacion basica,,,,,,,,,,,,,,,,,,,,,,,,,,,,,,,,,,,,departamento de investigacion basica,,,,,,,,,,,,,
8313,departamento de tecnologia,,,,,,,,,,,,,,,,,,,,,,,,,,,,,,,,,,,,departamento de tecnologia,,,,,,,,,,,,,
8314,dpto de energia,,,,,,,,,,,,,,,,,,,,,,,,,,,,,,,,,,,,dpto de energia,,,,,,,,,,,,,
8315,dpto de medio ambiente,,,,,,,,,,,,,,,,,,,,,,,,,,,,,,,,,,,,dpto de medio ambiente,,,,,,,,,,,,,
8316,77,,,,,,,,,,,,,,,,,,,,,,,,,,,,,,,,,,,,77,,,,,,,,,,,,,
8317,77,,,,,,,,,,,,,,,,,,,,,,,,,,,,,,,,,,,,77,,,,,,,,,,,,,
8318,centro de investigacion en sanidad animal cisa,,,,,,,,,,,,,,,,,,,,,,,,,,,,,,,,,,,,centro de investigacion en sanidad animal cisa,,,,,,,,,,,,,
8319,centro de investigacion forestal cifor,,,,,,,,,,,,,,,,,,,,,,,,,,,,,,,,,,,,centro de investigacion forestal cifor,,,,,,,,,,,,,
8320,departamento de tecnologia de alimentos,,,,,,,,,,,,,,,,,,,,,,,,,,,,,,,,,,,,departamento de tecnologia de alimentos,,,,,,,,,,,,,
8321,77,,,,,,,,,,,,,,,,,,,,,,,,,,,,,,,,,,,,77,,,,,,,,,,,,,
8323,centro de astrobiologia cab,,,,,,,,,,,,,,,,,,,,,,,,,,,,,,,,,,,,centro de astrobiologia cab,,,,,,,,,,,,,
8326,centro costero oceanografico vigo,,,,,,,,,,,,,,,,,,,,,,,,,,,,,,,,,,,,centro costero oceanografico vigo,,,,,,,,,,,,,
8327,centro oceanografico de baleares,,,,,,,,,,,,,,,,,,,,,,,,,,,,,,,,,,,,centro oceanografico de baleares,,,,,,,,,,,,,
8328,centro oceanografico gijon,,,,,,,,,,,,,,,,,,,,,,,,,,,,,,,,,,,,centro oceanografico gijon,,,,,,,,,,,,,
8329,centro oceanografico gijon,,,,,,,,,,,,,,,,,,,,,,,,,,,,,,,,,,,,centro oceanografico gijon,,,,,,,,,,,,,
8330,instituto espanol de oceanografia ieo,,,,,,,,,,,,,,,,,,,,,,,,,,,,,,,,,,,,instituto espanol de oceanografia ieo,,,,,,,,,,,,,
8332,escuela politecnica superior,,,,,,,,,,,,,,,,,,,,,,,,,,,,,,,,,,,,escuela politecnica superior,,,,,,,,,,,,,
8334,facultad de ciencias,,,,,,,,,,,,,,,,,,,,,,,,,,,,,,,,,,,,facultad de ciencias,,,,,,,,,,,,,
8335,facultad de ciencias economicas y empresariales,,,,,,,,,,,,,,,,,,,,,,,,,,,,,,,,,,,,facultad de ciencias economicas y empresariales,,,,,,,,,,,,,
8336,observatorio ocupacional,,,,,,,,,,,,,,,,,,,,,,,,,,,,,,,,,,,,observatorio ocupacional,,,,,,,,,,,,,
8337,77,,,,,,,,,,,,,,,,,,,,,,,,,,,,,,,,,,,,77,,,,,,,,,,,,,
8338,77,,,,,,,,,,,,,,,,,,,,,,,,,,,,,,,,,,,,77,,,,,,,,,,,,,
8339,77,,,,,,,,,,,,,,,,,,,,,,,,,,,,,,,,,,,,77,,,,,,,,,,,,,
8340,77,,,,,,,,,,,,,,,,,,,,,,,,,,,,,,,,,,,,77,,,,,,,,,,,,,
8341,centro de alta tecnologia y homologacion catechom,,,,,,,,,,,,,,,,,,,,,,,,,,,,,,,,,,,,centro de alta tecnologia y homologacion catechom,,,,,,,,,,,,,
8342,departamento biologia de sistemas,,,,,,,,,,,,,,,,,,,,,,,,,,,,,,,,,,,,departamento biologia de sistemas,,,,,,,,,,,,,
8343,departamento de electronica,,,,,,,,,,,,,,,,,,,,,,,,,,,,,,,,,,,,departamento de electronica,,,,,,,,,,,,,
8344,departamento de electronica,,,,,,,,,,,,,,,,,,,,,,,,,,,,,,,,,,,,departamento de electronica,,,,,,,,,,,,,
8345,departamento de teoria de la senal y comunicaciones,,,,,,,,,,,,,,,,,,,,,,,,,,,,,,,,,,,,departamento de teoria de la senal y comunicaciones,,,,,,,,,,,,,
8346,departamento quimica analitica quimica fisica e ingenieria quimica,,,,,,,,,,,,,,,,,,,,,,,,,,,,,,,,,,,,departamento quimica analitica quimica fisica e ingenieria quimica,,,,,,,,,,,,,
8347,dpto educacion,,,,,,,,,,,,,,,,,,,,,,,,,,,,,,,,,,,,dpto educacion,,,,,,,,,,,,,
8348,escuela politecnica superior,,,,,,,,,,,,,,,,,,,,,,,,,,,,,,,,,,,,escuela politecnica superior,,,,,,,,,,,,,
8349,facultad de ciencias,,,,,,,,,,,,,,,,,,,,,,,,,,,,,,,,,,,,facultad de ciencias,,,,,,,,,,,,,
8350,facultad de filosofia y letras,,,,,,,,,,,,,,,,,,,,,,,,,,,,,,,,,,,,facultad de filosofia y letras,,,,,,,,,,,,,
8351,i u de investigacion en estudios latinoamericanos,,,,,,,,,,,,,,,,,,,,,,,,,,,,,,,,,,,,i u de investigacion en estudios latinoamericanos,,,,,,,,,,,,,
8353,77,,,,,,,,,,,,,,,,,,,,,,,,,,,,,,,,,,,,77,,,,,,,,,,,,,
8354,77,,,,,,,,,,,,,,,,,,,,,,,,,,,,,,,,,,,,77,,,,,,,,,,,,,
8355,77,,,,,,,,,,,,,,,,,,,,,,,,,,,,,,,,,,,,77,,,,,,,,,,,,,
8356,88,,,,,,,,,,,,,,,,,,,,,,,,,,,,,,,,,,,,88,,,,,,,,,,,,,
8357,facultad de ciencias,,,,,,,,,,,,,,,,,,,,,,,,,,,,,,,,,,,,facultad de ciencias,,,,,,,,,,,,,
8358,facultad de ciencias de la salud alicante,,,,,,,,,,,,,,,,,,,,,,,,,,,,,,,,,,,,facultad de ciencias de la salud alicante,,,,,,,,,,,,,
8359,facultad de ciencias economicas y empres,,,,,,,,,,,,,,,,,,,,,,,,,,,,,,,,,,,,facultad de ciencias economicas y empres,,,,,,,,,,,,,
8360,instituto universitario de geografia,,,,,,,,,,,,,,,,,,,,,,,,,,,,,,,,,,,,instituto universitario de geografia,,,,,,,,,,,,,
8361,instituto universitario de ingenieria de procesos quimicos iipq,,,,,,,,,,,,,,,,,,,,,,,,,,,,,,,,,,,,instituto universitario de ingenieria de procesos quimicos iipq,,,,,,,,,,,,,
8362,instituto universitario de investigaciones turisticas,,,,,,,,,,,,,,,,,,,,,,,,,,,,,,,,,,,,instituto universitario de investigaciones turisticas,,,,,,,,,,,,,
8365,77,,,,,,,,,,,,,,,,,,,,,,,,,,,,,,,,,,,,77,,,,,,,,,,,,,
8366,ciesol centro mixto de investigacion en energia solar ual ciemat,,,,,,,,,,,,,,,,,,,,,,,,,,,,,,,,,,,,ciesol centro mixto de investigacion en energia solar ual ciemat,,,,,,,,,,,,,
8367,dpto de biologia y geologia,,,,,,,,,,,,,,,,,,,,,,,,,,,,,,,,,,,,dpto de biologia y geologia,,,,,,,,,,,,,
8368,dpto ingenieria,,,,,,,,,,,,,,,,,,,,,,,,,,,,,,,,,,,,dpto ingenieria,,,,,,,,,,,,,
8369,dpto quimica y fisica,,,,,,,,,,,,,,,,,,,,,,,,,,,,,,,,,,,,dpto quimica y fisica,,,,,,,,,,,,,
8370,escuela politecnica superior,,,,,,,,,,,,,,,,,,,,,,,,,,,,,,,,,,,,escuela politecnica superior,,,,,,,,,,,,,
8371,centre d estudis d historia de les ciencies cehic,,,,,,,,,,,,,,,,,,,,,,,,,,,,,,,,,,,,centre d estudis d historia de les ciencies cehic,,,,,,,,,,,,,
8372,dpto de ingenieria de la informacion y de las comunicaciones,,,,,,,,,,,,,,,,,,,,,,,,,,,,,,,,,,,,dpto de ingenieria de la informacion y de las comunicaciones,,,,,,,,,,,,,
8373,dpto de prehistoria,,,,,,,,,,,,,,,,,,,,,,,,,,,,,,,,,,,,dpto de prehistoria,,,,,,,,,,,,,
8374,dpto ingenieria quimica,,,,,,,,,,,,,,,,,,,,,,,,,,,,,,,,,,,,dpto ingenieria quimica,,,,,,,,,,,,,
8375,facultad de biociencias,,,,,,,,,,,,,,,,,,,,,,,,,,,,,,,,,,,,facultad de biociencias,,,,,,,,,,,,,
8376,facultad de ciencias,,,,,,,,,,,,,,,,,,,,,,,,,,,,,,,,,,,,facultad de ciencias,,,,,,,,,,,,,
8377,facultad de ciencias economicas y empresariales,,,,,,,,,,,,,,,,,,,,,,,,,,,,,,,,,,,,facultad de ciencias economicas y empresariales,,,,,,,,,,,,,
8378,facultad de economia,,,,,,,,,,,,,,,,,,,,,,,,,,,,,,,,,,,,facultad de economia,,,,,,,,,,,,,
8379,facultad de filosofia y letras,,,,,,,,,,,,,,,,,,,,,,,,,,,,,,,,,,,,facultad de filosofia y letras,,,,,,,,,,,,,
8380,facultad de filosofia y letras,,,,,,,,,,,,,,,,,,,,,,,,,,,,,,,,,,,,facultad de filosofia y letras,,,,,,,,,,,,,
8381,facultad de veterinaria,,,,,,,,,,,,,,,,,,,,,,,,,,,,,,,,,,,,facultad de veterinaria,,,,,,,,,,,,,
8382,facultat de filosofia i lletres,,,,,,,,,,,,,,,,,,,,,,,,,,,,,,,,,,,,facultat de filosofia i lletres,,,,,,,,,,,,,
8383,institut de ciencia i tecnologia ambientals icta,,,,,,,,,,,,,,,,,,,,,,,,,,,,,,,,,,,,institut de ciencia i tecnologia ambientals icta,,,,,,,,,,,,,
8385,77,,,,,,,,,,,,,,,,,,,,,,,,,,,,,,,,,,,,77,,,,,,,,,,,,,
8386,77,,,,,,,,,,,,,,,,,,,,,,,,,,,,,,,,,,,,77,,,,,,,,,,,,,
8387,77,,,,,,,,,,,,,,,,,,,,,,,,,,,,,,,,,,,,77,,,,,,,,,,,,,
8388,77,,,,,,,,,,,,,,,,,,,,,,,,,,,,,,,,,,,,77,,,,,,,,,,,,,
8389,77,,,,,,,,,,,,,,,,,,,,,,,,,,,,,,,,,,,,77,,,,,,,,,,,,,
8390,77,,,,,,,,,,,,,,,,,,,,,,,,,,,,,,,,,,,,77,,,,,,,,,,,,,
8391,77,,,,,,,,,,,,,,,,,,,,,,,,,,,,,,,,,,,,77,,,,,,,,,,,,,
8392,centro de biologia molecular severo ochoa cbm,,,,,,,,,,,,,,,,,,,,,,,,,,,,,,,,,,,,centro de biologia molecular severo ochoa cbm,,,,,,,,,,,,,
8393,derecho,,,,,,,,,,,,,,,,,,,,,,,,,,,,,,,,,,,,derecho,,,,,,,,,,,,,
8394,dpto derecho publico y filosofia juridica,,,,,,,,,,,,,,,,,,,,,,,,,,,,,,,,,,,,dpto derecho publico y filosofia juridica,,,,,,,,,,,,,
8395,dpto ecologia,,,,,,,,,,,,,,,,,,,,,,,,,,,,,,,,,,,,dpto ecologia,,,,,,,,,,,,,
8396,dpto psicologia social y metodologia,,,,,,,,,,,,,,,,,,,,,,,,,,,,,,,,,,,,dpto psicologia social y metodologia,,,,,,,,,,,,,
8397,facultad de ciencias,,,,,,,,,,,,,,,,,,,,,,,,,,,,,,,,,,,,facultad de ciencias,,,,,,,,,,,,,
8398,facultad de ciencias,,,,,,,,,,,,,,,,,,,,,,,,,,,,,,,,,,,,facultad de ciencias,,,,,,,,,,,,,
8399,facultad de ciencias,,,,,,,,,,,,,,,,,,,,,,,,,,,,,,,,,,,,facultad de ciencias,,,,,,,,,,,,,
8400,facultad de ciencias,,,,,,,,,,,,,,,,,,,,,,,,,,,,,,,,,,,,facultad de ciencias,,,,,,,,,,,,,
8401,facultad de ciencias,,,,,,,,,,,,,,,,,,,,,,,,,,,,,,,,,,,,facultad de ciencias,,,,,,,,,,,,,
8402,facultad de ciencias,,,,,,,,,,,,,,,,,,,,,,,,,,,,,,,,,,,,facultad de ciencias,,,,,,,,,,,,,
8403,facultad de ciencias,,,,,,,,,,,,,,,,,,,,,,,,,,,,,,,,,,,,facultad de ciencias,,,,,,,,,,,,,
8404,facultad de ciencias,,,,,,,,,,,,,,,,,,,,,,,,,,,,,,,,,,,,facultad de ciencias,,,,,,,,,,,,,
8405,facultad de ciencias,,,,,,,,,,,,,,,,,,,,,,,,,,,,,,,,,,,,facultad de ciencias,,,,,,,,,,,,,
8406,facultad de ciencias,,,,,,,,,,,,,,,,,,,,,,,,,,,,,,,,,,,,facultad de ciencias,,,,,,,,,,,,,
8407,facultad de ciencias,,,,,,,,,,,,,,,,,,,,,,,,,,,,,,,,,,,,facultad de ciencias,,,,,,,,,,,,,
8408,facultad de ciencias,,,,,,,,,,,,,,,,,,,,,,,,,,,,,,,,,,,,facultad de ciencias,,,,,,,,,,,,,
8409,facultad de ciencias,,,,,,,,,,,,,,,,,,,,,,,,,,,,,,,,,,,,facultad de ciencias,,,,,,,,,,,,,
8410,facultad de ciencias,,,,,,,,,,,,,,,,,,,,,,,,,,,,,,,,,,,,facultad de ciencias,,,,,,,,,,,,,
8411,facultad de derecho,,,,,,,,,,,,,,,,,,,,,,,,,,,,,,,,,,,,facultad de derecho,,,,,,,,,,,,,
8412,facultad de filosofia y letras,,,,,,,,,,,,,,,,,,,,,,,,,,,,,,,,,,,,facultad de filosofia y letras,,,,,,,,,,,,,
8413,facultad de filosofia y letras,,,,,,,,,,,,,,,,,,,,,,,,,,,,,,,,,,,,facultad de filosofia y letras,,,,,,,,,,,,,
8414,facultad de filosofia y letras,,,,,,,,,,,,,,,,,,,,,,,,,,,,,,,,,,,,facultad de filosofia y letras,,,,,,,,,,,,,
8415,facultad de medicina,,,,,,,,,,,,,,,,,,,,,,,,,,,,,,,,,,,,facultad de medicina,,,,,,,,,,,,,
8418,88,,,,,,,,,,,,,,,,,,,,,,,,,,,,,,,,,,,,88,,,,,,,,,,,,,
8419,departament d historia i arqueologia,,,,,,,,,,,,,,,,,,,,,,,,,,,,,,,,,,,,departament d historia i arqueologia,,,,,,,,,,,,,
8420,departament de bioquimica i biomedicina molecular,,,,,,,,,,,,,,,,,,,,,,,,,,,,,,,,,,,,departament de bioquimica i biomedicina molecular,,,,,,,,,,,,,
8421,departament de filologia hispanica teoria de la literatura i comunicacio,,,,,,,,,,,,,,,,,,,,,,,,,,,,,,,,,,,,departament de filologia hispanica teoria de la literatura i comunicacio,,,,,,,,,,,,,
8422,departament de fisica quantica i astrofisica,,,,,,,,,,,,,,,,,,,,,,,,,,,,,,,,,,,,departament de fisica quantica i astrofisica,,,,,,,,,,,,,
8423,departament de fisica quantica i astrofisica,,,,,,,,,,,,,,,,,,,,,,,,,,,,,,,,,,,,departament de fisica quantica i astrofisica,,,,,,,,,,,,,
8424,dpto derecho constitucional y ciencia politica,,,,,,,,,,,,,,,,,,,,,,,,,,,,,,,,,,,,dpto derecho constitucional y ciencia politica,,,,,,,,,,,,,
8425,dpto ecologia,,,,,,,,,,,,,,,,,,,,,,,,,,,,,,,,,,,,dpto ecologia,,,,,,,,,,,,,
8426,dpto filologia inglesa y alemana,,,,,,,,,,,,,,,,,,,,,,,,,,,,,,,,,,,,dpto filologia inglesa y alemana,,,,,,,,,,,,,
8427,dpto fisicoquimica,,,,,,,,,,,,,,,,,,,,,,,,,,,,,,,,,,,,dpto fisicoquimica,,,,,,,,,,,,,
8428,facultad de economia y empresa,,,,,,,,,,,,,,,,,,,,,,,,,,,,,,,,,,,,facultad de economia y empresa,,,,,,,,,,,,,
8429,facultad de economia y empresa,,,,,,,,,,,,,,,,,,,,,,,,,,,,,,,,,,,,facultad de economia y empresa,,,,,,,,,,,,,
8430,facultad de fisica,,,,,,,,,,,,,,,,,,,,,,,,,,,,,,,,,,,,facultad de fisica,,,,,,,,,,,,,
8431,facultad de fisica,,,,,,,,,,,,,,,,,,,,,,,,,,,,,,,,,,,,facultad de fisica,,,,,,,,,,,,,
8432,facultad de fisica,,,,,,,,,,,,,,,,,,,,,,,,,,,,,,,,,,,,facultad de fisica,,,,,,,,,,,,,
8433,facultad de geografia e historia,,,,,,,,,,,,,,,,,,,,,,,,,,,,,,,,,,,,facultad de geografia e historia,,,,,,,,,,,,,
8434,facultad de geologia,,,,,,,,,,,,,,,,,,,,,,,,,,,,,,,,,,,,facultad de geologia,,,,,,,,,,,,,
8435,facultad de geologia,,,,,,,,,,,,,,,,,,,,,,,,,,,,,,,,,,,,facultad de geologia,,,,,,,,,,,,,
8436,facultad de medicina y ciencias de la sa,,,,,,,,,,,,,,,,,,,,,,,,,,,,,,,,,,,,facultad de medicina y ciencias de la sa,,,,,,,,,,,,,
8437,facultad de psicologia,,,,,,,,,,,,,,,,,,,,,,,,,,,,,,,,,,,,facultad de psicologia,,,,,,,,,,,,,
8438,facultad de psicologia universidad de barcelona,,,,,,,,,,,,,,,,,,,,,,,,,,,,,,,,,,,,facultad de psicologia universidad de barcelona,,,,,,,,,,,,,
8439,facultad de quimica,,,,,,,,,,,,,,,,,,,,,,,,,,,,,,,,,,,,facultad de quimica,,,,,,,,,,,,,
8440,facultad de quimica,,,,,,,,,,,,,,,,,,,,,,,,,,,,,,,,,,,,facultad de quimica,,,,,,,,,,,,,
8441,facultad medicina u d bellvitge,,,,,,,,,,,,,,,,,,,,,,,,,,,,,,,,,,,,facultad medicina u d bellvitge,,,,,,,,,,,,,
8442,escuela politecnica superior,,,,,,,,,,,,,,,,,,,,,,,,,,,,,,,,,,,,escuela politecnica superior,,,,,,,,,,,,,
8443,escuela politecnica superior,,,,,,,,,,,,,,,,,,,,,,,,,,,,,,,,,,,,escuela politecnica superior,,,,,,,,,,,,,
8444,facultad de ciencias economicas y empres,,,,,,,,,,,,,,,,,,,,,,,,,,,,,,,,,,,,facultad de ciencias economicas y empres,,,,,,,,,,,,,
8446,77,,,,,,,,,,,,,,,,,,,,,,,,,,,,,,,,,,,,77,,,,,,,,,,,,,
8447,escuela superior de ingenieria de cadiz,,,,,,,,,,,,,,,,,,,,,,,,,,,,,,,,,,,,escuela superior de ingenieria de cadiz,,,,,,,,,,,,,
8448,facultad de ciencias,,,,,,,,,,,,,,,,,,,,,,,,,,,,,,,,,,,,facultad de ciencias,,,,,,,,,,,,,
8449,facultad de ciencias del mar y ambientales,,,,,,,,,,,,,,,,,,,,,,,,,,,,,,,,,,,,facultad de ciencias del mar y ambientales,,,,,,,,,,,,,
8450,instituto de investigacion vitivinicola y agroalimentaria ivagro,,,,,,,,,,,,,,,,,,,,,,,,,,,,,,,,,,,,instituto de investigacion vitivinicola y agroalimentaria ivagro,,,,,,,,,,,,,
8451,77,,,,,,,,,,,,,,,,,,,,,,,,,,,,,,,,,,,,77,,,,,,,,,,,,,
8452,dpto ingenieria quimica y quimica inorganica,,,,,,,,,,,,,,,,,,,,,,,,,,,,,,,,,,,,dpto ingenieria quimica y quimica inorganica,,,,,,,,,,,,,
8453,dpto matematicas estadistica y computacion,,,,,,,,,,,,,,,,,,,,,,,,,,,,,,,,,,,,dpto matematicas estadistica y computacion,,,,,,,,,,,,,
8454,dpto tecnologia electronica ingenieria de sistemas y automatica,,,,,,,,,,,,,,,,,,,,,,,,,,,,,,,,,,,,dpto tecnologia electronica ingenieria de sistemas y automatica,,,,,,,,,,,,,
8455,escuela superior de la marina civil,,,,,,,,,,,,,,,,,,,,,,,,,,,,,,,,,,,,escuela superior de la marina civil,,,,,,,,,,,,,
8456,escuela tecnica superior de ing caminos canales y puertos,,,,,,,,,,,,,,,,,,,,,,,,,,,,,,,,,,,,escuela tecnica superior de ing caminos canales y puertos,,,,,,,,,,,,,
8457,facultad de ciencias,,,,,,,,,,,,,,,,,,,,,,,,,,,,,,,,,,,,facultad de ciencias,,,,,,,,,,,,,
8458,facultad de medicina,,,,,,,,,,,,,,,,,,,,,,,,,,,,,,,,,,,,facultad de medicina,,,,,,,,,,,,,
8459,ingenierias quimica y biomolecular,,,,,,,,,,,,,,,,,,,,,,,,,,,,,,,,,,,,ingenierias quimica y biomolecular,,,,,,,,,,,,,
8460,instituto de fisica de cantabria ifca,,,,,,,,,,,,,,,,,,,,,,,,,,,,,,,,,,,,instituto de fisica de cantabria ifca,,,,,,,,,,,,,
8461,instituto de fisica de cantabria ifca,,,,,,,,,,,,,,,,,,,,,,,,,,,,,,,,,,,,instituto de fisica de cantabria ifca,,,,,,,,,,,,,
8462,instituto internacional de investigaciones prehistoricas,,,,,,,,,,,,,,,,,,,,,,,,,,,,,,,,,,,,instituto internacional de investigaciones prehistoricas,,,,,,,,,,,,,
8463,instituto internacional de investigaciones prehistoricas,,,,,,,,,,,,,,,,,,,,,,,,,,,,,,,,,,,,instituto internacional de investigaciones prehistoricas,,,,,,,,,,,,,
8464,77,,,,,,,,,,,,,,,,,,,,,,,,,,,,,,,,,,,,77,,,,,,,,,,,,,
8465,77,,,,,,,,,,,,,,,,,,,,,,,,,,,,,,,,,,,,77,,,,,,,,,,,,,
8466,dpto ciencia e ingenieria de materiales e ingenieria quimica,,,,,,,,,,,,,,,,,,,,,,,,,,,,,,,,,,,,dpto ciencia e ingenieria de materiales e ingenieria quimica,,,,,,,,,,,,,
8467,dpto de bioingenieria e ingenieria aeroespacial,,,,,,,,,,,,,,,,,,,,,,,,,,,,,,,,,,,,dpto de bioingenieria e ingenieria aeroespacial,,,,,,,,,,,,,
8468,dpto economia de la empresa,,,,,,,,,,,,,,,,,,,,,,,,,,,,,,,,,,,,dpto economia de la empresa,,,,,,,,,,,,,
8469,escuela politecnica superior,,,,,,,,,,,,,,,,,,,,,,,,,,,,,,,,,,,,escuela politecnica superior,,,,,,,,,,,,,
8470,facultad de ciencias sociales y juridicas,,,,,,,,,,,,,,,,,,,,,,,,,,,,,,,,,,,,facultad de ciencias sociales y juridicas,,,,,,,,,,,,,
8471,instituto de cultura y tecnologia miguel de unamuno,,,,,,,,,,,,,,,,,,,,,,,,,,,,,,,,,,,,instituto de cultura y tecnologia miguel de unamuno,,,,,,,,,,,,,
8474,escuela tecnica superior de ingenieros industriales,,,,,,,,,,,,,,,,,,,,,,,,,,,,,,,,,,,,escuela tecnica superior de ingenieros industriales,,,,,,,,,,,,,
8475,facultad de humanidades toledo,,,,,,,,,,,,,,,,,,,,,,,,,,,,,,,,,,,,facultad de humanidades toledo,,,,,,,,,,,,,
8476,facultad de letras,,,,,,,,,,,,,,,,,,,,,,,,,,,,,,,,,,,,facultad de letras,,,,,,,,,,,,,
8477,instituto de investigacion en recursos cinegeticos,,,,,,,,,,,,,,,,,,,,,,,,,,,,,,,,,,,,instituto de investigacion en recursos cinegeticos,,,,,,,,,,,,,
8478,instituto de investigaciones energeticas y aplicaciones industriales,,,,,,,,,,,,,,,,,,,,,,,,,,,,,,,,,,,,instituto de investigaciones energeticas y aplicaciones industriales,,,,,,,,,,,,,
8479,instituto de investigaciones energeticas y aplicaciones industriales,,,,,,,,,,,,,,,,,,,,,,,,,,,,,,,,,,,,instituto de investigaciones energeticas y aplicaciones industriales,,,,,,,,,,,,,
8480,instituto de tecnologia quimica y medioambiental de ciudad real,,,,,,,,,,,,,,,,,,,,,,,,,,,,,,,,,,,,instituto de tecnologia quimica y medioambiental de ciudad real,,,,,,,,,,,,,
8481,instituto regional de investigacion cientifica aplicada,,,,,,,,,,,,,,,,,,,,,,,,,,,,,,,,,,,,instituto regional de investigacion cientifica aplicada,,,,,,,,,,,,,
8483,77,,,,,,,,,,,,,,,,,,,,,,,,,,,,,,,,,,,,77,,,,,,,,,,,,,
8484,77,,,,,,,,,,,,,,,,,,,,,,,,,,,,,,,,,,,,77,,,,,,,,,,,,,
8485,77,,,,,,,,,,,,,,,,,,,,,,,,,,,,,,,,,,,,77,,,,,,,,,,,,,
8486,77,,,,,,,,,,,,,,,,,,,,,,,,,,,,,,,,,,,,77,,,,,,,,,,,,,
8487,77,,,,,,,,,,,,,,,,,,,,,,,,,,,,,,,,,,,,77,,,,,,,,,,,,,
8488,77,,,,,,,,,,,,,,,,,,,,,,,,,,,,,,,,,,,,77,,,,,,,,,,,,,
8489,77,,,,,,,,,,,,,,,,,,,,,,,,,,,,,,,,,,,,77,,,,,,,,,,,,,
8490,77,,,,,,,,,,,,,,,,,,,,,,,,,,,,,,,,,,,,77,,,,,,,,,,,,,
8491,77,,,,,,,,,,,,,,,,,,,,,,,,,,,,,,,,,,,,77,,,,,,,,,,,,,
8492,77,,,,,,,,,,,,,,,,,,,,,,,,,,,,,,,,,,,,77,,,,,,,,,,,,,
8493,77,,,,,,,,,,,,,,,,,,,,,,,,,,,,,,,,,,,,77,,,,,,,,,,,,,
8494,77,,,,,,,,,,,,,,,,,,,,,,,,,,,,,,,,,,,,77,,,,,,,,,,,,,
8495,77,,,,,,,,,,,,,,,,,,,,,,,,,,,,,,,,,,,,77,,,,,,,,,,,,,
8496,77,,,,,,,,,,,,,,,,,,,,,,,,,,,,,,,,,,,,77,,,,,,,,,,,,,
8497,77,,,,,,,,,,,,,,,,,,,,,,,,,,,,,,,,,,,,77,,,,,,,,,,,,,
8498,77,,,,,,,,,,,,,,,,,,,,,,,,,,,,,,,,,,,,77,,,,,,,,,,,,,
8499,centro de asistencia a la investigacion de rmn y rse,,,,,,,,,,,,,,,,,,,,,,,,,,,,,,,,,,,,centro de asistencia a la investigacion de rmn y rse,,,,,,,,,,,,,
8500,dpto de sanidad animal,,,,,,,,,,,,,,,,,,,,,,,,,,,,,,,,,,,,dpto de sanidad animal,,,,,,,,,,,,,
8501,dpto historia contemporanea,,,,,,,,,,,,,,,,,,,,,,,,,,,,,,,,,,,,dpto historia contemporanea,,,,,,,,,,,,,
8502,dpto periodismo iii teoria general de la informacion,,,,,,,,,,,,,,,,,,,,,,,,,,,,,,,,,,,,dpto periodismo iii teoria general de la informacion,,,,,,,,,,,,,
8503,dpto psicologia basica i procesos basicos,,,,,,,,,,,,,,,,,,,,,,,,,,,,,,,,,,,,dpto psicologia basica i procesos basicos,,,,,,,,,,,,,
8504,facultad de ciencias biologicas,,,,,,,,,,,,,,,,,,,,,,,,,,,,,,,,,,,,facultad de ciencias biologicas,,,,,,,,,,,,,
8505,facultad de ciencias de la informacion,,,,,,,,,,,,,,,,,,,,,,,,,,,,,,,,,,,,facultad de ciencias de la informacion,,,,,,,,,,,,,
8506,facultad de ciencias de la informacion,,,,,,,,,,,,,,,,,,,,,,,,,,,,,,,,,,,,facultad de ciencias de la informacion,,,,,,,,,,,,,
8507,facultad de ciencias de la informacion,,,,,,,,,,,,,,,,,,,,,,,,,,,,,,,,,,,,facultad de ciencias de la informacion,,,,,,,,,,,,,
8508,facultad de ciencias fisicas,,,,,,,,,,,,,,,,,,,,,,,,,,,,,,,,,,,,facultad de ciencias fisicas,,,,,,,,,,,,,
8509,facultad de ciencias geologicas,,,,,,,,,,,,,,,,,,,,,,,,,,,,,,,,,,,,facultad de ciencias geologicas,,,,,,,,,,,,,
8510,facultad de ciencias matematicas,,,,,,,,,,,,,,,,,,,,,,,,,,,,,,,,,,,,facultad de ciencias matematicas,,,,,,,,,,,,,
8511,facultad de ciencias politicas y sociolo,,,,,,,,,,,,,,,,,,,,,,,,,,,,,,,,,,,,facultad de ciencias politicas y sociolo,,,,,,,,,,,,,
8512,facultad de ciencias quimicas,,,,,,,,,,,,,,,,,,,,,,,,,,,,,,,,,,,,facultad de ciencias quimicas,,,,,,,,,,,,,
8513,facultad de ciencias quimicas,,,,,,,,,,,,,,,,,,,,,,,,,,,,,,,,,,,,facultad de ciencias quimicas,,,,,,,,,,,,,
8514,facultad de ciencias quimicas,,,,,,,,,,,,,,,,,,,,,,,,,,,,,,,,,,,,facultad de ciencias quimicas,,,,,,,,,,,,,
8515,facultad de ciencias quimicas,,,,,,,,,,,,,,,,,,,,,,,,,,,,,,,,,,,,facultad de ciencias quimicas,,,,,,,,,,,,,
8516,facultad de ciencias quimicas,,,,,,,,,,,,,,,,,,,,,,,,,,,,,,,,,,,,facultad de ciencias quimicas,,,,,,,,,,,,,
8517,facultad de ciencias quimicas,,,,,,,,,,,,,,,,,,,,,,,,,,,,,,,,,,,,facultad de ciencias quimicas,,,,,,,,,,,,,
8518,facultad de estudios estadisticos,,,,,,,,,,,,,,,,,,,,,,,,,,,,,,,,,,,,facultad de estudios estadisticos,,,,,,,,,,,,,
8519,facultad de farmacia,,,,,,,,,,,,,,,,,,,,,,,,,,,,,,,,,,,,facultad de farmacia,,,,,,,,,,,,,
8520,facultad de farmacia,,,,,,,,,,,,,,,,,,,,,,,,,,,,,,,,,,,,facultad de farmacia,,,,,,,,,,,,,
8521,facultad de farmacia,,,,,,,,,,,,,,,,,,,,,,,,,,,,,,,,,,,,facultad de farmacia,,,,,,,,,,,,,
8522,facultad de filologia,,,,,,,,,,,,,,,,,,,,,,,,,,,,,,,,,,,,facultad de filologia,,,,,,,,,,,,,
8523,facultad de filosofia,,,,,,,,,,,,,,,,,,,,,,,,,,,,,,,,,,,,facultad de filosofia,,,,,,,,,,,,,
8524,facultad de geografia e historia,,,,,,,,,,,,,,,,,,,,,,,,,,,,,,,,,,,,facultad de geografia e historia,,,,,,,,,,,,,
8525,facultad de informatica,,,,,,,,,,,,,,,,,,,,,,,,,,,,,,,,,,,,facultad de informatica,,,,,,,,,,,,,
8526,facultad de medicina ucm,,,,,,,,,,,,,,,,,,,,,,,,,,,,,,,,,,,,facultad de medicina ucm,,,,,,,,,,,,,
8527,facultad de psicologia,,,,,,,,,,,,,,,,,,,,,,,,,,,,,,,,,,,,facultad de psicologia,,,,,,,,,,,,,
8528,informatica,,,,,,,,,,,,,,,,,,,,,,,,,,,,,,,,,,,,informatica,,,,,,,,,,,,,
8530,77,,,,,,,,,,,,,,,,,,,,,,,,,,,,,,,,,,,,77,,,,,,,,,,,,,
8531,77,,,,,,,,,,,,,,,,,,,,,,,,,,,,,,,,,,,,77,,,,,,,,,,,,,
8532,dpto bromatologia y tecnologia de los alimentos,,,,,,,,,,,,,,,,,,,,,,,,,,,,,,,,,,,,dpto bromatologia y tecnologia de los alimentos,,,,,,,,,,,,,
8533,dpto de historia del arte arqueologia y musica,,,,,,,,,,,,,,,,,,,,,,,,,,,,,,,,,,,,dpto de historia del arte arqueologia y musica,,,,,,,,,,,,,
8534,dpto genetica,,,,,,,,,,,,,,,,,,,,,,,,,,,,,,,,,,,,dpto genetica,,,,,,,,,,,,,
8535,facultad de ciencias,,,,,,,,,,,,,,,,,,,,,,,,,,,,,,,,,,,,facultad de ciencias,,,,,,,,,,,,,
8536,facultad de filosofia y letras,,,,,,,,,,,,,,,,,,,,,,,,,,,,,,,,,,,,facultad de filosofia y letras,,,,,,,,,,,,,
8537,facultad de filosofia y letras,,,,,,,,,,,,,,,,,,,,,,,,,,,,,,,,,,,,facultad de filosofia y letras,,,,,,,,,,,,,
8538,facultad de filosofia y letras,,,,,,,,,,,,,,,,,,,,,,,,,,,,,,,,,,,,facultad de filosofia y letras,,,,,,,,,,,,,
8539,facultad de veterinaria,,,,,,,,,,,,,,,,,,,,,,,,,,,,,,,,,,,,facultad de veterinaria,,,,,,,,,,,,,
8541,vicerrectorado de politica cientifica,,,,,,,,,,,,,,,,,,,,,,,,,,,,,,,,,,,,vicerrectorado de politica cientifica,,,,,,,,,,,,,
8542,dpto ciencias morfologicas y biologia celular y animal,,,,,,,,,,,,,,,,,,,,,,,,,,,,,,,,,,,,dpto ciencias morfologicas y biologia celular y animal,,,,,,,,,,,,,
8543,dpto de fisica aplicada,,,,,,,,,,,,,,,,,,,,,,,,,,,,,,,,,,,,dpto de fisica aplicada,,,,,,,,,,,,,
8544,escuela de ingenierias industriales,,,,,,,,,,,,,,,,,,,,,,,,,,,,,,,,,,,,escuela de ingenierias industriales,,,,,,,,,,,,,
8545,facultad de ciencias,,,,,,,,,,,,,,,,,,,,,,,,,,,,,,,,,,,,facultad de ciencias,,,,,,,,,,,,,
8546,facultad de derecho,,,,,,,,,,,,,,,,,,,,,,,,,,,,,,,,,,,,facultad de derecho,,,,,,,,,,,,,
8547,facultad de veterinaria,,,,,,,,,,,,,,,,,,,,,,,,,,,,,,,,,,,,facultad de veterinaria,,,,,,,,,,,,,
8548,facultad de veterinaria,,,,,,,,,,,,,,,,,,,,,,,,,,,,,,,,,,,,facultad de veterinaria,,,,,,,,,,,,,
8549,escuela politecnica superior,,,,,,,,,,,,,,,,,,,,,,,,,,,,,,,,,,,,escuela politecnica superior,,,,,,,,,,,,,
8550,fac de medicina,,,,,,,,,,,,,,,,,,,,,,,,,,,,,,,,,,,,fac de medicina,,,,,,,,,,,,,
8551,facultad de ciencias,,,,,,,,,,,,,,,,,,,,,,,,,,,,,,,,,,,,facultad de ciencias,,,,,,,,,,,,,
8552,facultad de letras,,,,,,,,,,,,,,,,,,,,,,,,,,,,,,,,,,,,facultad de letras,,,,,,,,,,,,,
8553,institut de llengua i cultura catalanes,,,,,,,,,,,,,,,,,,,,,,,,,,,,,,,,,,,,institut de llengua i cultura catalanes,,,,,,,,,,,,,
8554,institut de recerca en visio per computador i robotica vicorob,,,,,,,,,,,,,,,,,,,,,,,,,,,,,,,,,,,,institut de recerca en visio per computador i robotica vicorob,,,,,,,,,,,,,
8556,77,,,,,,,,,,,,,,,,,,,,,,,,,,,,,,,,,,,,77,,,,,,,,,,,,,
8557,centro de instrumentacion cientifica,,,,,,,,,,,,,,,,,,,,,,,,,,,,,,,,,,,,centro de instrumentacion cientifica,,,,,,,,,,,,,
8558,centro de investigacion biomedica,,,,,,,,,,,,,,,,,,,,,,,,,,,,,,,,,,,,centro de investigacion biomedica,,,,,,,,,,,,,
8559,centro de investigacion mente cerebro y comportamiento,,,,,,,,,,,,,,,,,,,,,,,,,,,,,,,,,,,,centro de investigacion mente cerebro y comportamiento,,,,,,,,,,,,,
8560,dpto ecologia,,,,,,,,,,,,,,,,,,,,,,,,,,,,,,,,,,,,dpto ecologia,,,,,,,,,,,,,
8561,dpto fisica aplicada,,,,,,,,,,,,,,,,,,,,,,,,,,,,,,,,,,,,dpto fisica aplicada,,,,,,,,,,,,,
8562,dpto historia moderna y de america,,,,,,,,,,,,,,,,,,,,,,,,,,,,,,,,,,,,dpto historia moderna y de america,,,,,,,,,,,,,
8563,facultad de ciencias,,,,,,,,,,,,,,,,,,,,,,,,,,,,,,,,,,,,facultad de ciencias,,,,,,,,,,,,,
8564,facultad de ciencias,,,,,,,,,,,,,,,,,,,,,,,,,,,,,,,,,,,,facultad de ciencias,,,,,,,,,,,,,
8565,facultad de ciencias,,,,,,,,,,,,,,,,,,,,,,,,,,,,,,,,,,,,facultad de ciencias,,,,,,,,,,,,,
8566,facultad de ciencias,,,,,,,,,,,,,,,,,,,,,,,,,,,,,,,,,,,,facultad de ciencias,,,,,,,,,,,,,
8567,facultad de filosofia y letras,,,,,,,,,,,,,,,,,,,,,,,,,,,,,,,,,,,,facultad de filosofia y letras,,,,,,,,,,,,,
8568,facultad de filosofia y letras,,,,,,,,,,,,,,,,,,,,,,,,,,,,,,,,,,,,facultad de filosofia y letras,,,,,,,,,,,,,
8569,facultad de filosofia y letras,,,,,,,,,,,,,,,,,,,,,,,,,,,,,,,,,,,,facultad de filosofia y letras,,,,,,,,,,,,,
8570,facultad de medicina,,,,,,,,,,,,,,,,,,,,,,,,,,,,,,,,,,,,facultad de medicina,,,,,,,,,,,,,
8571,facultad de medicina,,,,,,,,,,,,,,,,,,,,,,,,,,,,,,,,,,,,facultad de medicina,,,,,,,,,,,,,
8572,facultad de psicologia,,,,,,,,,,,,,,,,,,,,,,,,,,,,,,,,,,,,facultad de psicologia,,,,,,,,,,,,,
8573,instituto interuniversitario de investigacion del sistema tierra,,,,,,,,,,,,,,,,,,,,,,,,,,,,,,,,,,,,instituto interuniversitario de investigacion del sistema tierra,,,,,,,,,,,,,
8574,instituto interuniversitario de investigacion del sistema tierra,,,,,,,,,,,,,,,,,,,,,,,,,,,,,,,,,,,,instituto interuniversitario de investigacion del sistema tierra,,,,,,,,,,,,,
8575,instituto mixto universitario deporte y salud,,,,,,,,,,,,,,,,,,,,,,,,,,,,,,,,,,,,instituto mixto universitario deporte y salud,,,,,,,,,,,,,
8577,university college london,,,,,,,,,,,,,,,,,,,,,,,,,,,,,,,,,,,,university college london,,,,,,,,,,,,,
8578,facultad de educacion psicologia y cien,,,,,,,,,,,,,,,,,,,,,,,,,,,,,,,,,,,,facultad de educacion psicologia y cien,,,,,,,,,,,,,
8579,facultad de enfermeria,,,,,,,,,,,,,,,,,,,,,,,,,,,,,,,,,,,,facultad de enfermeria,,,,,,,,,,,,,
8581,departamento de biologia fundamental y ciencias de la salud,,,,,,,,,,,,,,,,,,,,,,,,,,,,,,,,,,,,departamento de biologia fundamental y ciencias de la salud,,,,,,,,,,,,,
8582,dpto ciencias de la tierra,,,,,,,,,,,,,,,,,,,,,,,,,,,,,,,,,,,,dpto ciencias de la tierra,,,,,,,,,,,,,
8583,dpto economia y empresa,,,,,,,,,,,,,,,,,,,,,,,,,,,,,,,,,,,,dpto economia y empresa,,,,,,,,,,,,,
8584,imedea,,,,,,,,,,,,,,,,,,,,,,,,,,,,,,,,,,,,imedea,,,,,,,,,,,,,
8585,instituto de fisica interdisciplinar y sistema complejos ifisc,,,,,,,,,,,,,,,,,,,,,,,,,,,,,,,,,,,,instituto de fisica interdisciplinar y sistema complejos ifisc,,,,,,,,,,,,,
8586,universitat de les illes balears,,,,,,,,,,,,,,,,,,,,,,,,,,,,,,,,,,,,universitat de les illes balears,,,,,,,,,,,,,
8587,77,,,,,,,,,,,,,,,,,,,,,,,,,,,,,,,,,,,,77,,,,,,,,,,,,,
8588,dpto de geologia,,,,,,,,,,,,,,,,,,,,,,,,,,,,,,,,,,,,dpto de geologia,,,,,,,,,,,,,
8589,escuela politecnica superior,,,,,,,,,,,,,,,,,,,,,,,,,,,,,,,,,,,,escuela politecnica superior,,,,,,,,,,,,,
8590,724,,,,,,,,,,,,,,,,,,,,,,,,,,,,,,,,,,,,724,,,,,,,,,,,,,
8591,77,,,,,,,,,,,,,,,,,,,,,,,,,,,,,,,,,,,,77,,,,,,,,,,,,,
8592,departamento de psicologia basica clinica y psicobiologia,,,,,,,,,,,,,,,,,,,,,,,,,,,,,,,,,,,,departamento de psicologia basica clinica y psicobiologia,,,,,,,,,,,,,
8593,dpto quimica inorganica y organica,,,,,,,,,,,,,,,,,,,,,,,,,,,,,,,,,,,,dpto quimica inorganica y organica,,,,,,,,,,,,,
8594,instituto universitario de plaguicidas y aguas,,,,,,,,,,,,,,,,,,,,,,,,,,,,,,,,,,,,instituto universitario de plaguicidas y aguas,,,,,,,,,,,,,
8595,robotnik automation sll,,,,,,,,,,,,,,,,,,,,,,,,,,,,,,,,,,,,robotnik automation sll,,,,,,,,,,,,,
8596,departamento de geografia e historia,,,,,,,,,,,,,,,,,,,,,,,,,,,,,,,,,,,,departamento de geografia e historia,,,,,,,,,,,,,
8597,departamento de geografia e historia,,,,,,,,,,,,,,,,,,,,,,,,,,,,,,,,,,,,departamento de geografia e historia,,,,,,,,,,,,,
8598,escuela superior de ingenieria y tecnolo,,,,,,,,,,,,,,,,,,,,,,,,,,,,,,,,,,,,escuela superior de ingenieria y tecnolo,,,,,,,,,,,,,
8599,facultad de farmacia,,,,,,,,,,,,,,,,,,,,,,,,,,,,,,,,,,,,facultad de farmacia,,,,,,,,,,,,,
8600,instituto de productos naturales y agrobiologia csic,,,,,,,,,,,,,,,,,,,,,,,,,,,,,,,,,,,,instituto de productos naturales y agrobiologia csic,,,,,,,,,,,,,
8603,dpto ingenieria mecanica,,,,,,,,,,,,,,,,,,,,,,,,,,,,,,,,,,,,dpto ingenieria mecanica,,,,,,,,,,,,,
8604,escuela tecnica superior de ingenieria industrial,,,,,,,,,,,,,,,,,,,,,,,,,,,,,,,,,,,,escuela tecnica superior de ingenieria industrial,,,,,,,,,,,,,
8605,facultad de ciencias juridicas y sociale,,,,,,,,,,,,,,,,,,,,,,,,,,,,,,,,,,,,facultad de ciencias juridicas y sociale,,,,,,,,,,,,,
8606,dpto de educacion fisica y deportiva,,,,,,,,,,,,,,,,,,,,,,,,,,,,,,,,,,,,dpto de educacion fisica y deportiva,,,,,,,,,,,,,
8607,facultad de filosofia y letras,,,,,,,,,,,,,,,,,,,,,,,,,,,,,,,,,,,,facultad de filosofia y letras,,,,,,,,,,,,,
8608,facultad de veterinaria,,,,,,,,,,,,,,,,,,,,,,,,,,,,,,,,,,,,facultad de veterinaria,,,,,,,,,,,,,
8609,dpto hortofruticultura botanica y jardineria,,,,,,,,,,,,,,,,,,,,,,,,,,,,,,,,,,,,dpto hortofruticultura botanica y jardineria,,,,,,,,,,,,,
8610,escuela politecnica superior,,,,,,,,,,,,,,,,,,,,,,,,,,,,,,,,,,,,escuela politecnica superior,,,,,,,,,,,,,
8611,facultad de medicina,,,,,,,,,,,,,,,,,,,,,,,,,,,,,,,,,,,,facultad de medicina,,,,,,,,,,,,,
8612,facultad de medicina,,,,,,,,,,,,,,,,,,,,,,,,,,,,,,,,,,,,facultad de medicina,,,,,,,,,,,,,
8613,77,,,,,,,,,,,,,,,,,,,,,,,,,,,,,,,,,,,,77,,,,,,,,,,,,,
8614,77,,,,,,,,,,,,,,,,,,,,,,,,,,,,,,,,,,,,77,,,,,,,,,,,,,
8615,77,,,,,,,,,,,,,,,,,,,,,,,,,,,,,,,,,,,,77,,,,,,,,,,,,,
8616,dpto ingenieria de sistemas y automatica,,,,,,,,,,,,,,,,,,,,,,,,,,,,,,,,,,,,dpto ingenieria de sistemas y automatica,,,,,,,,,,,,,
8617,escuela de ingenierias industriales,,,,,,,,,,,,,,,,,,,,,,,,,,,,,,,,,,,,escuela de ingenierias industriales,,,,,,,,,,,,,
8618,escuela tecnica superior de ingenieria d,,,,,,,,,,,,,,,,,,,,,,,,,,,,,,,,,,,,escuela tecnica superior de ingenieria d,,,,,,,,,,,,,
8619,escuela tecnica superior de ingenieria informatica,,,,,,,,,,,,,,,,,,,,,,,,,,,,,,,,,,,,escuela tecnica superior de ingenieria informatica,,,,,,,,,,,,,
8620,escuela tecnica superior de ingenieria informatica,,,,,,,,,,,,,,,,,,,,,,,,,,,,,,,,,,,,escuela tecnica superior de ingenieria informatica,,,,,,,,,,,,,
8621,facultad de ciencias,,,,,,,,,,,,,,,,,,,,,,,,,,,,,,,,,,,,facultad de ciencias,,,,,,,,,,,,,
8622,facultad de derecho,,,,,,,,,,,,,,,,,,,,,,,,,,,,,,,,,,,,facultad de derecho,,,,,,,,,,,,,
8623,facultad de derecho,,,,,,,,,,,,,,,,,,,,,,,,,,,,,,,,,,,,facultad de derecho,,,,,,,,,,,,,
8624,facultad de medicina,,,,,,,,,,,,,,,,,,,,,,,,,,,,,,,,,,,,facultad de medicina,,,,,,,,,,,,,
8626,77,,,,,,,,,,,,,,,,,,,,,,,,,,,,,,,,,,,,77,,,,,,,,,,,,,
8627,77,,,,,,,,,,,,,,,,,,,,,,,,,,,,,,,,,,,,77,,,,,,,,,,,,,
8628,77,,,,,,,,,,,,,,,,,,,,,,,,,,,,,,,,,,,,77,,,,,,,,,,,,,
8629,77,,,,,,,,,,,,,,,,,,,,,,,,,,,,,,,,,,,,77,,,,,,,,,,,,,
8630,77,,,,,,,,,,,,,,,,,,,,,,,,,,,,,,,,,,,,77,,,,,,,,,,,,,
8631,77,,,,,,,,,,,,,,,,,,,,,,,,,,,,,,,,,,,,77,,,,,,,,,,,,,
8632,auckland university of technology,,,,,,,,,,,,,,,,,,,,,,,,,,,,,,,,,,,,auckland university of technology,,,,,,,,,,,,,
8633,dpto biologia aplicada,,,,,,,,,,,,,,,,,,,,,,,,,,,,,,,,,,,,dpto biologia aplicada,,,,,,,,,,,,,
8634,dpto de ingenieria de computadores,,,,,,,,,,,,,,,,,,,,,,,,,,,,,,,,,,,,dpto de ingenieria de computadores,,,,,,,,,,,,,
8635,dpto de ingenieria de sistemas y automatica,,,,,,,,,,,,,,,,,,,,,,,,,,,,,,,,,,,,dpto de ingenieria de sistemas y automatica,,,,,,,,,,,,,
8636,dpto salud publica historia de la ciencia y ginecologia,,,,,,,,,,,,,,,,,,,,,,,,,,,,,,,,,,,,dpto salud publica historia de la ciencia y ginecologia,,,,,,,,,,,,,
8637,facultad de ciencias experimentales,,,,,,,,,,,,,,,,,,,,,,,,,,,,,,,,,,,,facultad de ciencias experimentales,,,,,,,,,,,,,
8638,facultad de ciencias sociosanitarias,,,,,,,,,,,,,,,,,,,,,,,,,,,,,,,,,,,,facultad de ciencias sociosanitarias,,,,,,,,,,,,,
8639,facultad de biologia,,,,,,,,,,,,,,,,,,,,,,,,,,,,,,,,,,,,facultad de biologia,,,,,,,,,,,,,
8640,facultad de biologia,,,,,,,,,,,,,,,,,,,,,,,,,,,,,,,,,,,,facultad de biologia,,,,,,,,,,,,,
8641,facultad de biologia,,,,,,,,,,,,,,,,,,,,,,,,,,,,,,,,,,,,facultad de biologia,,,,,,,,,,,,,
8642,facultad de educacion,,,,,,,,,,,,,,,,,,,,,,,,,,,,,,,,,,,,facultad de educacion,,,,,,,,,,,,,
8643,facultad de letras,,,,,,,,,,,,,,,,,,,,,,,,,,,,,,,,,,,,facultad de letras,,,,,,,,,,,,,
8644,facultad de quimica,,,,,,,,,,,,,,,,,,,,,,,,,,,,,,,,,,,,facultad de quimica,,,,,,,,,,,,,
8645,facultad de veterinaria,,,,,,,,,,,,,,,,,,,,,,,,,,,,,,,,,,,,facultad de veterinaria,,,,,,,,,,,,,
8646,laib imib instituto murciano de investigaciones biomedicas,,,,,,,,,,,,,,,,,,,,,,,,,,,,,,,,,,,,laib imib instituto murciano de investigaciones biomedicas,,,,,,,,,,,,,
8647,universidad de murcia facultad de informatica dep de ingenieria y tecnologia de computadores,,,,,,,,,,,,,,,,,,,,,,,,,,,,,,,,,,,,universidad de murcia facultad de informatica dep de ingenieria y tecnologia de computadores,,,,,,,,,,,,,
8648,universidad de murcia facultad de veterinaria dep tecnologia alimentos,,,,,,,,,,,,,,,,,,,,,,,,,,,,,,,,,,,,universidad de murcia facultad de veterinaria dep tecnologia alimentos,,,,,,,,,,,,,
8649,77,,,,,,,,,,,,,,,,,,,,,,,,,,,,,,,,,,,,77,,,,,,,,,,,,,
8650,dpto de informatica y automatica,,,,,,,,,,,,,,,,,,,,,,,,,,,,,,,,,,,,dpto de informatica y automatica,,,,,,,,,,,,,
8651,facultad de ciencias,,,,,,,,,,,,,,,,,,,,,,,,,,,,,,,,,,,,facultad de ciencias,,,,,,,,,,,,,
8652,universidad de cambridge,,,,,,,,,,,,,,,,,,,,,,,,,,,,,,,,,,,,universidad de cambridge,,,,,,,,,,,,,
8653,dpto derecho publico,,,,,,,,,,,,,,,,,,,,,,,,,,,,,,,,,,,,dpto derecho publico,,,,,,,,,,,,,
8654,dpto psicologia,,,,,,,,,,,,,,,,,,,,,,,,,,,,,,,,,,,,dpto psicologia,,,,,,,,,,,,,
8655,facultad de economia y empresa,,,,,,,,,,,,,,,,,,,,,,,,,,,,,,,,,,,,facultad de economia y empresa,,,,,,,,,,,,,
8656,facultad de psicologia,,,,,,,,,,,,,,,,,,,,,,,,,,,,,,,,,,,,facultad de psicologia,,,,,,,,,,,,,
8658,77,,,,,,,,,,,,,,,,,,,,,,,,,,,,,,,,,,,,77,,,,,,,,,,,,,
8659,centro andaluz de biologia molecular y medicina regenerativa cabimer,,,,,,,,,,,,,,,,,,,,,,,,,,,,,,,,,,,,centro andaluz de biologia molecular y medicina regenerativa cabimer,,,,,,,,,,,,,
8660,facultad de ciencias experimentales,,,,,,,,,,,,,,,,,,,,,,,,,,,,,,,,,,,,facultad de ciencias experimentales,,,,,,,,,,,,,
8661,facultad de ciencias experimentales,,,,,,,,,,,,,,,,,,,,,,,,,,,,,,,,,,,,facultad de ciencias experimentales,,,,,,,,,,,,,
8663,vicerrectorado de investigacion y nuevas tecnologias,,,,,,,,,,,,,,,,,,,,,,,,,,,,,,,,,,,,vicerrectorado de investigacion y nuevas tecnologias,,,,,,,,,,,,,
8664,escuela de ingenieria de bilbao,,,,,,,,,,,,,,,,,,,,,,,,,,,,,,,,,,,,escuela de ingenieria de bilbao,,,,,,,,,,,,,
8665,facultad de ciencia y tecnologia,,,,,,,,,,,,,,,,,,,,,,,,,,,,,,,,,,,,facultad de ciencia y tecnologia,,,,,,,,,,,,,
8666,facultad de medicina y odontologia,,,,,,,,,,,,,,,,,,,,,,,,,,,,,,,,,,,,facultad de medicina y odontologia,,,,,,,,,,,,,
8667,facultad de medicina y odontologia,,,,,,,,,,,,,,,,,,,,,,,,,,,,,,,,,,,,facultad de medicina y odontologia,,,,,,,,,,,,,
8668,facultad de psicologia,,,,,,,,,,,,,,,,,,,,,,,,,,,,,,,,,,,,facultad de psicologia,,,,,,,,,,,,,
8669,instituto universitario de materiales polimericos polymat,,,,,,,,,,,,,,,,,,,,,,,,,,,,,,,,,,,,instituto universitario de materiales polimericos polymat,,,,,,,,,,,,,
8670,vicerrectorado de investigacion,,,,,,,,,,,,,,,,,,,,,,,,,,,,,,,,,,,,vicerrectorado de investigacion,,,,,,,,,,,,,
8671,vicerrectorado de investigacion,,,,,,,,,,,,,,,,,,,,,,,,,,,,,,,,,,,,vicerrectorado de investigacion,,,,,,,,,,,,,
8672,college of engineering,,,,,,,,,,,,,,,,,,,,,,,,,,,,,,,,,,,,college of engineering,,,,,,,,,,,,,
8673,departamento de ingenieria agronomica,,,,,,,,,,,,,,,,,,,,,,,,,,,,,,,,,,,,departamento de ingenieria agronomica,,,,,,,,,,,,,
8674,dpto de ingenieria de alimentos y del equipamiento,,,,,,,,,,,,,,,,,,,,,,,,,,,,,,,,,,,,dpto de ingenieria de alimentos y del equipamiento,,,,,,,,,,,,,
8675,technological university dublin tud,,,,,,,,,,,,,,,,,,,,,,,,,,,,,,,,,,,,technological university dublin tud,,,,,,,,,,,,,
8677,xservicio de apoyo a la investigacion tecnologica,,,,,,,,,,,,,,,,,,,,,,,,,,,,,,,,,,,,xservicio de apoyo a la investigacion tecnologica,,,,,,,,,,,,,
8678,centro de desarrollo de sensores instrumentacion y sistemas cd6,,,,,,,,,,,,,,,,,,,,,,,,,,,,,,,,,,,,centro de desarrollo de sensores instrumentacion y sistemas cd6,,,,,,,,,,,,,
8679,dpto de teoria del senyal i comunicacions tsc,,,,,,,,,,,,,,,,,,,,,,,,,,,,,,,,,,,,dpto de teoria del senyal i comunicacions tsc,,,,,,,,,,,,,
8680,dpto estadistica e investigacion operativa,,,,,,,,,,,,,,,,,,,,,,,,,,,,,,,,,,,,dpto estadistica e investigacion operativa,,,,,,,,,,,,,
8681,dpto fisica e ingenieria nuclear,,,,,,,,,,,,,,,,,,,,,,,,,,,,,,,,,,,,dpto fisica e ingenieria nuclear,,,,,,,,,,,,,
8682,dpto ingenieria quimica,,,,,,,,,,,,,,,,,,,,,,,,,,,,,,,,,,,,dpto ingenieria quimica,,,,,,,,,,,,,
8683,dpto ingenieria sistemas automatica e informat industrial,,,,,,,,,,,,,,,,,,,,,,,,,,,,,,,,,,,,dpto ingenieria sistemas automatica e informat industrial,,,,,,,,,,,,,
8684,dpto matematica aplicada i,,,,,,,,,,,,,,,,,,,,,,,,,,,,,,,,,,,,dpto matematica aplicada i,,,,,,,,,,,,,
8685,escuela tecnica superior de arquitectura,,,,,,,,,,,,,,,,,,,,,,,,,,,,,,,,,,,,escuela tecnica superior de arquitectura,,,,,,,,,,,,,
8686,escuela tecnica superior de arquitectura,,,,,,,,,,,,,,,,,,,,,,,,,,,,,,,,,,,,escuela tecnica superior de arquitectura,,,,,,,,,,,,,
8687,escuela tecnica superior de ingenieria d,,,,,,,,,,,,,,,,,,,,,,,,,,,,,,,,,,,,escuela tecnica superior de ingenieria d,,,,,,,,,,,,,
8688,facultad de matematicas y estadistica,,,,,,,,,,,,,,,,,,,,,,,,,,,,,,,,,,,,facultad de matematicas y estadistica,,,,,,,,,,,,,
8689,instituto de investigacion textil y cooperacion industrial de terrassa intexter,,,,,,,,,,,,,,,,,,,,,,,,,,,,,,,,,,,,instituto de investigacion textil y cooperacion industrial de terrassa intexter,,,,,,,,,,,,,
8690,seccion dep ingenieria electrica,,,,,,,,,,,,,,,,,,,,,,,,,,,,,,,,,,,,seccion dep ingenieria electrica,,,,,,,,,,,,,
8691,77,,,,,,,,,,,,,,,,,,,,,,,,,,,,,,,,,,,,77,,,,,,,,,,,,,
8692,77,,,,,,,,,,,,,,,,,,,,,,,,,,,,,,,,,,,,77,,,,,,,,,,,,,
8693,77,,,,,,,,,,,,,,,,,,,,,,,,,,,,,,,,,,,,77,,,,,,,,,,,,,
8694,77,,,,,,,,,,,,,,,,,,,,,,,,,,,,,,,,,,,,77,,,,,,,,,,,,,
8695,centro de biotecnologia y genomica de plantas,,,,,,,,,,,,,,,,,,,,,,,,,,,,,,,,,,,,centro de biotecnologia y genomica de plantas,,,,,,,,,,,,,
8696,centro de biotecnologia y genomica de plantas cbgp,,,,,,,,,,,,,,,,,,,,,,,,,,,,,,,,,,,,centro de biotecnologia y genomica de plantas cbgp,,,,,,,,,,,,,
8697,centro de biotecnologia y genomica de plantas cbgp,,,,,,,,,,,,,,,,,,,,,,,,,,,,,,,,,,,,centro de biotecnologia y genomica de plantas cbgp,,,,,,,,,,,,,
8698,centro de estudios e investigacion para la gestion de riesgos agrarios y medioambientales ceigram,,,,,,,,,,,,,,,,,,,,,,,,,,,,,,,,,,,,centro de estudios e investigacion para la gestion de riesgos agrarios y medioambientales ceigram,,,,,,,,,,,,,
8699,centro de tecnologia biomedica,,,,,,,,,,,,,,,,,,,,,,,,,,,,,,,,,,,,centro de tecnologia biomedica,,,,,,,,,,,,,
8700,centro de tecnologia biomedica ctb,,,,,,,,,,,,,,,,,,,,,,,,,,,,,,,,,,,,centro de tecnologia biomedica ctb,,,,,,,,,,,,,
8701,e t s de ingenieria de montes forestal y del medio natural,,,,,,,,,,,,,,,,,,,,,,,,,,,,,,,,,,,,e t s de ingenieria de montes forestal y del medio natural,,,,,,,,,,,,,
8702,escuela t s ingenieros informaticos upm,,,,,,,,,,,,,,,,,,,,,,,,,,,,,,,,,,,,escuela t s ingenieros informaticos upm,,,,,,,,,,,,,
8703,escuela tecnica superior de ingenieros aeronauticos,,,,,,,,,,,,,,,,,,,,,,,,,,,,,,,,,,,,escuela tecnica superior de ingenieros aeronauticos,,,,,,,,,,,,,
8704,escuela tecnica superior de ingenieros de montes,,,,,,,,,,,,,,,,,,,,,,,,,,,,,,,,,,,,escuela tecnica superior de ingenieros de montes,,,,,,,,,,,,,
8705,escuela tecnica superior de ingenieros de telecomunicacion,,,,,,,,,,,,,,,,,,,,,,,,,,,,,,,,,,,,escuela tecnica superior de ingenieros de telecomunicacion,,,,,,,,,,,,,
8706,escuela tecnica superior de ingenieros industriales,,,,,,,,,,,,,,,,,,,,,,,,,,,,,,,,,,,,escuela tecnica superior de ingenieros industriales,,,,,,,,,,,,,
8707,instituto de sistemas optoelectronicos y microtecnologia,,,,,,,,,,,,,,,,,,,,,,,,,,,,,,,,,,,,instituto de sistemas optoelectronicos y microtecnologia,,,,,,,,,,,,,
8710,77,,,,,,,,,,,,,,,,,,,,,,,,,,,,,,,,,,,,77,,,,,,,,,,,,,
8711,77,,,,,,,,,,,,,,,,,,,,,,,,,,,,,,,,,,,,77,,,,,,,,,,,,,
8712,77,,,,,,,,,,,,,,,,,,,,,,,,,,,,,,,,,,,,77,,,,,,,,,,,,,
8713,77,,,,,,,,,,,,,,,,,,,,,,,,,,,,,,,,,,,,77,,,,,,,,,,,,,
8714,77,,,,,,,,,,,,,,,,,,,,,,,,,,,,,,,,,,,,77,,,,,,,,,,,,,
8715,77,,,,,,,,,,,,,,,,,,,,,,,,,,,,,,,,,,,,77,,,,,,,,,,,,,
8716,77,,,,,,,,,,,,,,,,,,,,,,,,,,,,,,,,,,,,77,,,,,,,,,,,,,
8717,77,,,,,,,,,,,,,,,,,,,,,,,,,,,,,,,,,,,,77,,,,,,,,,,,,,
8718,88,,,,,,,,,,,,,,,,,,,,,,,,,,,,,,,,,,,,88,,,,,,,,,,,,,
8719,broad institute of mit and harvard,,,,,,,,,,,,,,,,,,,,,,,,,,,,,,,,,,,,broad institute of mit and harvard,,,,,,,,,,,,,
8720,centro de tecnologia nanofotonica,,,,,,,,,,,,,,,,,,,,,,,,,,,,,,,,,,,,centro de tecnologia nanofotonica,,,,,,,,,,,,,
8721,escuela politecnica superior de alcoy,,,,,,,,,,,,,,,,,,,,,,,,,,,,,,,,,,,,escuela politecnica superior de alcoy,,,,,,,,,,,,,
8722,facultad de bellas artes san carlos,,,,,,,,,,,,,,,,,,,,,,,,,,,,,,,,,,,,facultad de bellas artes san carlos,,,,,,,,,,,,,
8723,instituto cmt motores termicos,,,,,,,,,,,,,,,,,,,,,,,,,,,,,,,,,,,,instituto cmt motores termicos,,,,,,,,,,,,,
8724,instituto de automatica e informatica industrial ai2,,,,,,,,,,,,,,,,,,,,,,,,,,,,,,,,,,,,instituto de automatica e informatica industrial ai2,,,,,,,,,,,,,
8725,instituto de ciencia y tecnologia del hormigon icitech,,,,,,,,,,,,,,,,,,,,,,,,,,,,,,,,,,,,instituto de ciencia y tecnologia del hormigon icitech,,,,,,,,,,,,,
8726,instituto de diseno para la fabricacion y produccion automatizada,,,,,,,,,,,,,,,,,,,,,,,,,,,,,,,,,,,,instituto de diseno para la fabricacion y produccion automatizada,,,,,,,,,,,,,
8727,instituto de gestion de la innovacion y del conocimiento,,,,,,,,,,,,,,,,,,,,,,,,,,,,,,,,,,,,instituto de gestion de la innovacion y del conocimiento,,,,,,,,,,,,,
8728,instituto de ingenieria del agua y medio ambiente iiama,,,,,,,,,,,,,,,,,,,,,,,,,,,,,,,,,,,,instituto de ingenieria del agua y medio ambiente iiama,,,,,,,,,,,,,
8729,instituto de matematica pura y aplicada impa,,,,,,,,,,,,,,,,,,,,,,,,,,,,,,,,,,,,instituto de matematica pura y aplicada impa,,,,,,,,,,,,,
8730,instituto de telecomunicaciones y aplicaciones multimedia iteam,,,,,,,,,,,,,,,,,,,,,,,,,,,,,,,,,,,,instituto de telecomunicaciones y aplicaciones multimedia iteam,,,,,,,,,,,,,
8731,instituto universitario de conservacion y mejora de la agrodiversidad valenciana,,,,,,,,,,,,,,,,,,,,,,,,,,,,,,,,,,,,instituto universitario de conservacion y mejora de la agrodiversidad valenciana,,,,,,,,,,,,,
8732,ua,,,,,,,,,,,,,,,,,,,,,,,,,,,,,,,,,,,,ua,,,,,,,,,,,,,
8735,dpto ciencias experimentales y de la salud,,,,,,,,,,,,,,,,,,,,,,,,,,,,,,,,,,,,dpto ciencias experimentales y de la salud,,,,,,,,,,,,,
8736,dpto ciencias experimentales y de la salud,,,,,,,,,,,,,,,,,,,,,,,,,,,,,,,,,,,,dpto ciencias experimentales y de la salud,,,,,,,,,,,,,
8737,dpto ciencias politicas y sociales,,,,,,,,,,,,,,,,,,,,,,,,,,,,,,,,,,,,dpto ciencias politicas y sociales,,,,,,,,,,,,,
8738,dpto de tecnologias de la informacion y las comunicaciones,,,,,,,,,,,,,,,,,,,,,,,,,,,,,,,,,,,,dpto de tecnologias de la informacion y las comunicaciones,,,,,,,,,,,,,
8739,dpto de tecnologias de la informacion y las comunicaciones,,,,,,,,,,,,,,,,,,,,,,,,,,,,,,,,,,,,dpto de tecnologias de la informacion y las comunicaciones,,,,,,,,,,,,,
8740,dpto de tecnologias de la informacion y las comunicaciones,,,,,,,,,,,,,,,,,,,,,,,,,,,,,,,,,,,,dpto de tecnologias de la informacion y las comunicaciones,,,,,,,,,,,,,
8741,dpto de tecnologias de la informacion y las comunicaciones,,,,,,,,,,,,,,,,,,,,,,,,,,,,,,,,,,,,dpto de tecnologias de la informacion y las comunicaciones,,,,,,,,,,,,,
8742,instituto universitario de cultura,,,,,,,,,,,,,,,,,,,,,,,,,,,,,,,,,,,,instituto universitario de cultura,,,,,,,,,,,,,
8743,escuela tecnica superior de ingenieria i,,,,,,,,,,,,,,,,,,,,,,,,,,,,,,,,,,,,escuela tecnica superior de ingenieria i,,,,,,,,,,,,,
8744,facultad de ciencias de la salud upn,,,,,,,,,,,,,,,,,,,,,,,,,,,,,,,,,,,,facultad de ciencias de la salud upn,,,,,,,,,,,,,
8745,instituto de investigacion social avanzada i communitas,,,,,,,,,,,,,,,,,,,,,,,,,,,,,,,,,,,,instituto de investigacion social avanzada i communitas,,,,,,,,,,,,,
8748,77,,,,,,,,,,,,,,,,,,,,,,,,,,,,,,,,,,,,77,,,,,,,,,,,,,
8749,77,,,,,,,,,,,,,,,,,,,,,,,,,,,,,,,,,,,,77,,,,,,,,,,,,,
8750,77,,,,,,,,,,,,,,,,,,,,,,,,,,,,,,,,,,,,77,,,,,,,,,,,,,
8751,escuela de masteres oficiales,,,,,,,,,,,,,,,,,,,,,,,,,,,,,,,,,,,,escuela de masteres oficiales,,,,,,,,,,,,,
8752,escuela superior de ciencias experimentales y tecnologia,,,,,,,,,,,,,,,,,,,,,,,,,,,,,,,,,,,,escuela superior de ciencias experimentales y tecnologia,,,,,,,,,,,,,
8753,escuela tecnica superior de ingenieria informatica,,,,,,,,,,,,,,,,,,,,,,,,,,,,,,,,,,,,escuela tecnica superior de ingenieria informatica,,,,,,,,,,,,,
8754,escuela tecnica superior de ingenieria informatica,,,,,,,,,,,,,,,,,,,,,,,,,,,,,,,,,,,,escuela tecnica superior de ingenieria informatica,,,,,,,,,,,,,
8755,unidad de postgrado,,,,,,,,,,,,,,,,,,,,,,,,,,,,,,,,,,,,unidad de postgrado,,,,,,,,,,,,,
8757,dpto ingenieria quimica,,,,,,,,,,,,,,,,,,,,,,,,,,,,,,,,,,,,dpto ingenieria quimica,,,,,,,,,,,,,
8758,escuela tecnica superior de ingenieria,,,,,,,,,,,,,,,,,,,,,,,,,,,,,,,,,,,,escuela tecnica superior de ingenieria,,,,,,,,,,,,,
8759,facultad de ciencias juridicas,,,,,,,,,,,,,,,,,,,,,,,,,,,,,,,,,,,,facultad de ciencias juridicas,,,,,,,,,,,,,
8760,facultad de letras,,,,,,,,,,,,,,,,,,,,,,,,,,,,,,,,,,,,facultad de letras,,,,,,,,,,,,,
8761,facultad de letras,,,,,,,,,,,,,,,,,,,,,,,,,,,,,,,,,,,,facultad de letras,,,,,,,,,,,,,
8762,88,,,,,,,,,,,,,,,,,,,,,,,,,,,,,,,,,,,,88,,,,,,,,,,,,,
8763,dpto historia medieval moderna y contemporanea,,,,,,,,,,,,,,,,,,,,,,,,,,,,,,,,,,,,dpto historia medieval moderna y contemporanea,,,,,,,,,,,,,
8764,dpto sociologia y comunicacion,,,,,,,,,,,,,,,,,,,,,,,,,,,,,,,,,,,,dpto sociologia y comunicacion,,,,,,,,,,,,,
8765,dpto sociologia y comunicacion,,,,,,,,,,,,,,,,,,,,,,,,,,,,,,,,,,,,dpto sociologia y comunicacion,,,,,,,,,,,,,
8766,escuela politecnica superior,,,,,,,,,,,,,,,,,,,,,,,,,,,,,,,,,,,,escuela politecnica superior,,,,,,,,,,,,,
8767,facultad de ciencias,,,,,,,,,,,,,,,,,,,,,,,,,,,,,,,,,,,,facultad de ciencias,,,,,,,,,,,,,
8768,facultad de farmacia,,,,,,,,,,,,,,,,,,,,,,,,,,,,,,,,,,,,facultad de farmacia,,,,,,,,,,,,,
8769,facultad de filologia,,,,,,,,,,,,,,,,,,,,,,,,,,,,,,,,,,,,facultad de filologia,,,,,,,,,,,,,
8770,facultad de filologia,,,,,,,,,,,,,,,,,,,,,,,,,,,,,,,,,,,,facultad de filologia,,,,,,,,,,,,,
8771,facultad de geografia e historia,,,,,,,,,,,,,,,,,,,,,,,,,,,,,,,,,,,,facultad de geografia e historia,,,,,,,,,,,,,
8772,facultad de geografia e historia,,,,,,,,,,,,,,,,,,,,,,,,,,,,,,,,,,,,facultad de geografia e historia,,,,,,,,,,,,,
8773,facultad de medicina,,,,,,,,,,,,,,,,,,,,,,,,,,,,,,,,,,,,facultad de medicina,,,,,,,,,,,,,
8774,facultad de medicina,,,,,,,,,,,,,,,,,,,,,,,,,,,,,,,,,,,,facultad de medicina,,,,,,,,,,,,,
8775,facultad de traduccion y documentacion,,,,,,,,,,,,,,,,,,,,,,,,,,,,,,,,,,,,facultad de traduccion y documentacion,,,,,,,,,,,,,
8776,instituto universitario de fisica fundamental y matematicas,,,,,,,,,,,,,,,,,,,,,,,,,,,,,,,,,,,,instituto universitario de fisica fundamental y matematicas,,,,,,,,,,,,,
8777,servicio regional de citometria,,,,,,,,,,,,,,,,,,,,,,,,,,,,,,,,,,,,servicio regional de citometria,,,,,,,,,,,,,
8780,dipartimento di matematica e fisica ennio de giorgi,,,,,,,,,,,,,,,,,,,,,,,,,,,,,,,,,,,,dipartimento di matematica e fisica ennio de giorgi,,,,,,,,,,,,,
8781,dpto de genetica,,,,,,,,,,,,,,,,,,,,,,,,,,,,,,,,,,,,dpto de genetica,,,,,,,,,,,,,
8782,escuela politecnica superior lugo,,,,,,,,,,,,,,,,,,,,,,,,,,,,,,,,,,,,escuela politecnica superior lugo,,,,,,,,,,,,,
8783,estacion de hidrobioloxia encoro do con,,,,,,,,,,,,,,,,,,,,,,,,,,,,,,,,,,,,estacion de hidrobioloxia encoro do con,,,,,,,,,,,,,
8784,facultad de biologia,,,,,,,,,,,,,,,,,,,,,,,,,,,,,,,,,,,,facultad de biologia,,,,,,,,,,,,,
8785,facultad de biologia,,,,,,,,,,,,,,,,,,,,,,,,,,,,,,,,,,,,facultad de biologia,,,,,,,,,,,,,
8786,facultad de ciencias lugo,,,,,,,,,,,,,,,,,,,,,,,,,,,,,,,,,,,,facultad de ciencias lugo,,,,,,,,,,,,,
8787,facultad de farmacia,,,,,,,,,,,,,,,,,,,,,,,,,,,,,,,,,,,,facultad de farmacia,,,,,,,,,,,,,
8788,facultad de farmacia,,,,,,,,,,,,,,,,,,,,,,,,,,,,,,,,,,,,facultad de farmacia,,,,,,,,,,,,,
8789,facultad de filologia,,,,,,,,,,,,,,,,,,,,,,,,,,,,,,,,,,,,facultad de filologia,,,,,,,,,,,,,
8790,facultad de filologia,,,,,,,,,,,,,,,,,,,,,,,,,,,,,,,,,,,,facultad de filologia,,,,,,,,,,,,,
8791,facultad de fisica,,,,,,,,,,,,,,,,,,,,,,,,,,,,,,,,,,,,facultad de fisica,,,,,,,,,,,,,
8792,facultad de psicologia,,,,,,,,,,,,,,,,,,,,,,,,,,,,,,,,,,,,facultad de psicologia,,,,,,,,,,,,,
8793,facultad de psicologia departamento psicologia clinica y psicobiologia,,,,,,,,,,,,,,,,,,,,,,,,,,,,,,,,,,,,facultad de psicologia departamento psicologia clinica y psicobiologia,,,,,,,,,,,,,
8794,facultad de quimica,,,,,,,,,,,,,,,,,,,,,,,,,,,,,,,,,,,,facultad de quimica,,,,,,,,,,,,,
8795,facultad de quimica,,,,,,,,,,,,,,,,,,,,,,,,,,,,,,,,,,,,facultad de quimica,,,,,,,,,,,,,
8796,facultad de veterinaria lugo,,,,,,,,,,,,,,,,,,,,,,,,,,,,,,,,,,,,facultad de veterinaria lugo,,,,,,,,,,,,,
8797,faculty of arts humanities and cultures,,,,,,,,,,,,,,,,,,,,,,,,,,,,,,,,,,,,faculty of arts humanities and cultures,,,,,,,,,,,,,
8798,instituto gallego de fisica de altas energias igfae,,,,,,,,,,,,,,,,,,,,,,,,,,,,,,,,,,,,instituto gallego de fisica de altas energias igfae,,,,,,,,,,,,,
8799,instituto gallego de fisica de altas energias igfae,,,,,,,,,,,,,,,,,,,,,,,,,,,,,,,,,,,,instituto gallego de fisica de altas energias igfae,,,,,,,,,,,,,
8800,77,,,,,,,,,,,,,,,,,,,,,,,,,,,,,,,,,,,,77,,,,,,,,,,,,,
8801,77,,,,,,,,,,,,,,,,,,,,,,,,,,,,,,,,,,,,77,,,,,,,,,,,,,
8802,77,,,,,,,,,,,,,,,,,,,,,,,,,,,,,,,,,,,,77,,,,,,,,,,,,,
8803,77,,,,,,,,,,,,,,,,,,,,,,,,,,,,,,,,,,,,77,,,,,,,,,,,,,
8804,77,,,,,,,,,,,,,,,,,,,,,,,,,,,,,,,,,,,,77,,,,,,,,,,,,,
8805,centro nacional de aceleradores,,,,,,,,,,,,,,,,,,,,,,,,,,,,,,,,,,,,centro nacional de aceleradores,,,,,,,,,,,,,
8806,dpto bioquimica vegetal y biologia molecular,,,,,,,,,,,,,,,,,,,,,,,,,,,,,,,,,,,,dpto bioquimica vegetal y biologia molecular,,,,,,,,,,,,,
8807,dpto de lenguajes y sistemas informaticos,,,,,,,,,,,,,,,,,,,,,,,,,,,,,,,,,,,,dpto de lenguajes y sistemas informaticos,,,,,,,,,,,,,
8808,dpto geografia fisica y analisis geografico regional,,,,,,,,,,,,,,,,,,,,,,,,,,,,,,,,,,,,dpto geografia fisica y analisis geografico regional,,,,,,,,,,,,,
8809,escuela tecnica superior de arquitectura,,,,,,,,,,,,,,,,,,,,,,,,,,,,,,,,,,,,escuela tecnica superior de arquitectura,,,,,,,,,,,,,
8810,escuela tecnica superior de ingenieria,,,,,,,,,,,,,,,,,,,,,,,,,,,,,,,,,,,,escuela tecnica superior de ingenieria,,,,,,,,,,,,,
8811,escuela tecnica superior de ingenieros,,,,,,,,,,,,,,,,,,,,,,,,,,,,,,,,,,,,escuela tecnica superior de ingenieros,,,,,,,,,,,,,
8812,escuela tecnica superior de ingenieros,,,,,,,,,,,,,,,,,,,,,,,,,,,,,,,,,,,,escuela tecnica superior de ingenieros,,,,,,,,,,,,,
8813,escuela universitaria arquitectura tecnica,,,,,,,,,,,,,,,,,,,,,,,,,,,,,,,,,,,,escuela universitaria arquitectura tecnica,,,,,,,,,,,,,
8814,facultad de biologia,,,,,,,,,,,,,,,,,,,,,,,,,,,,,,,,,,,,facultad de biologia,,,,,,,,,,,,,
8815,facultad de biologia,,,,,,,,,,,,,,,,,,,,,,,,,,,,,,,,,,,,facultad de biologia,,,,,,,,,,,,,
8816,facultad de ciencias de la educacion,,,,,,,,,,,,,,,,,,,,,,,,,,,,,,,,,,,,facultad de ciencias de la educacion,,,,,,,,,,,,,
8817,facultad de ciencias economicas y empresariales,,,,,,,,,,,,,,,,,,,,,,,,,,,,,,,,,,,,facultad de ciencias economicas y empresariales,,,,,,,,,,,,,
8818,facultad de farmacia,,,,,,,,,,,,,,,,,,,,,,,,,,,,,,,,,,,,facultad de farmacia,,,,,,,,,,,,,
8819,facultad de filologia,,,,,,,,,,,,,,,,,,,,,,,,,,,,,,,,,,,,facultad de filologia,,,,,,,,,,,,,
8820,facultad de filosofia,,,,,,,,,,,,,,,,,,,,,,,,,,,,,,,,,,,,facultad de filosofia,,,,,,,,,,,,,
8821,facultad de odontologia,,,,,,,,,,,,,,,,,,,,,,,,,,,,,,,,,,,,facultad de odontologia,,,,,,,,,,,,,
8822,instituto universitario de ciencias de la construccion,,,,,,,,,,,,,,,,,,,,,,,,,,,,,,,,,,,,instituto universitario de ciencias de la construccion,,,,,,,,,,,,,
8824,vicerrectorado de investigacion,,,,,,,,,,,,,,,,,,,,,,,,,,,,,,,,,,,,vicerrectorado de investigacion,,,,,,,,,,,,,
8825,vicerrectorado de investigacion,,,,,,,,,,,,,,,,,,,,,,,,,,,,,,,,,,,,vicerrectorado de investigacion,,,,,,,,,,,,,
8826,77,,,,,,,,,,,,,,,,,,,,,,,,,,,,,,,,,,,,77,,,,,,,,,,,,,
8827,77,,,,,,,,,,,,,,,,,,,,,,,,,,,,,,,,,,,,77,,,,,,,,,,,,,
8828,77,,,,,,,,,,,,,,,,,,,,,,,,,,,,,,,,,,,,77,,,,,,,,,,,,,
8829,77,,,,,,,,,,,,,,,,,,,,,,,,,,,,,,,,,,,,77,,,,,,,,,,,,,
8830,77,,,,,,,,,,,,,,,,,,,,,,,,,,,,,,,,,,,,77,,,,,,,,,,,,,
8831,77,,,,,,,,,,,,,,,,,,,,,,,,,,,,,,,,,,,,77,,,,,,,,,,,,,
8832,77,,,,,,,,,,,,,,,,,,,,,,,,,,,,,,,,,,,,77,,,,,,,,,,,,,
8833,77,,,,,,,,,,,,,,,,,,,,,,,,,,,,,,,,,,,,77,,,,,,,,,,,,,
8834,77,,,,,,,,,,,,,,,,,,,,,,,,,,,,,,,,,,,,77,,,,,,,,,,,,,
8835,77,,,,,,,,,,,,,,,,,,,,,,,,,,,,,,,,,,,,77,,,,,,,,,,,,,
8836,77,,,,,,,,,,,,,,,,,,,,,,,,,,,,,,,,,,,,77,,,,,,,,,,,,,
8837,77,,,,,,,,,,,,,,,,,,,,,,,,,,,,,,,,,,,,77,,,,,,,,,,,,,
8838,77,,,,,,,,,,,,,,,,,,,,,,,,,,,,,,,,,,,,77,,,,,,,,,,,,,
8839,77,,,,,,,,,,,,,,,,,,,,,,,,,,,,,,,,,,,,77,,,,,,,,,,,,,
8840,albert ludwigs universitat freiburg,,,,,,,,,,,,,,,,,,,,,,,,,,,,,,,,,,,,albert ludwigs universitat freiburg,,,,,,,,,,,,,
8841,dpto de economia financiera y actuarial,,,,,,,,,,,,,,,,,,,,,,,,,,,,,,,,,,,,dpto de economia financiera y actuarial,,,,,,,,,,,,,
8842,dpto microbiologia,,,,,,,,,,,,,,,,,,,,,,,,,,,,,,,,,,,,dpto microbiologia,,,,,,,,,,,,,
8843,eri de biotecnologia y biomedicina biotecmed,,,,,,,,,,,,,,,,,,,,,,,,,,,,,,,,,,,,eri de biotecnologia y biomedicina biotecmed,,,,,,,,,,,,,
8844,eri de biotecnologia y biomedicina biotecmed,,,,,,,,,,,,,,,,,,,,,,,,,,,,,,,,,,,,eri de biotecnologia y biomedicina biotecmed,,,,,,,,,,,,,
8845,escuela tecnica superior de ingenieria,,,,,,,,,,,,,,,,,,,,,,,,,,,,,,,,,,,,escuela tecnica superior de ingenieria,,,,,,,,,,,,,
8846,escuela tecnica superior de ingenieria,,,,,,,,,,,,,,,,,,,,,,,,,,,,,,,,,,,,escuela tecnica superior de ingenieria,,,,,,,,,,,,,
8847,facultad de ciencias biologicas,,,,,,,,,,,,,,,,,,,,,,,,,,,,,,,,,,,,facultad de ciencias biologicas,,,,,,,,,,,,,
8848,facultad de ciencias sociales,,,,,,,,,,,,,,,,,,,,,,,,,,,,,,,,,,,,facultad de ciencias sociales,,,,,,,,,,,,,
8849,facultad de derecho,,,,,,,,,,,,,,,,,,,,,,,,,,,,,,,,,,,,facultad de derecho,,,,,,,,,,,,,
8850,facultad de farmacia,,,,,,,,,,,,,,,,,,,,,,,,,,,,,,,,,,,,facultad de farmacia,,,,,,,,,,,,,
8851,facultad de fisica,,,,,,,,,,,,,,,,,,,,,,,,,,,,,,,,,,,,facultad de fisica,,,,,,,,,,,,,
8852,facultad de medicina,,,,,,,,,,,,,,,,,,,,,,,,,,,,,,,,,,,,facultad de medicina,,,,,,,,,,,,,
8853,facultad de medicina,,,,,,,,,,,,,,,,,,,,,,,,,,,,,,,,,,,,facultad de medicina,,,,,,,,,,,,,
8854,facultad de quimica,,,,,,,,,,,,,,,,,,,,,,,,,,,,,,,,,,,,facultad de quimica,,,,,,,,,,,,,
8855,facultad de quimica,,,,,,,,,,,,,,,,,,,,,,,,,,,,,,,,,,,,facultad de quimica,,,,,,,,,,,,,
8856,facultad de quimica,,,,,,,,,,,,,,,,,,,,,,,,,,,,,,,,,,,,facultad de quimica,,,,,,,,,,,,,
8857,facultat de filologia traduccio i comunicacio,,,,,,,,,,,,,,,,,,,,,,,,,,,,,,,,,,,,facultat de filologia traduccio i comunicacio,,,,,,,,,,,,,
8858,institut universitari d investigacio de politiques de benestar social polibenestar,,,,,,,,,,,,,,,,,,,,,,,,,,,,,,,,,,,,institut universitari d investigacio de politiques de benestar social polibenestar,,,,,,,,,,,,,
8859,instituto cavanilles de biodiversidad y biologia evolutiva,,,,,,,,,,,,,,,,,,,,,,,,,,,,,,,,,,,,instituto cavanilles de biodiversidad y biologia evolutiva,,,,,,,,,,,,,
8860,instituto de ciencia molecular,,,,,,,,,,,,,,,,,,,,,,,,,,,,,,,,,,,,instituto de ciencia molecular,,,,,,,,,,,,,
8861,instituto de ciencia molecular icmol universitat de valencia,,,,,,,,,,,,,,,,,,,,,,,,,,,,,,,,,,,,instituto de ciencia molecular icmol universitat de valencia,,,,,,,,,,,,,
8862,instituto interuniversitario de desarrollo local,,,,,,,,,,,,,,,,,,,,,,,,,,,,,,,,,,,,instituto interuniversitario de desarrollo local,,,,,,,,,,,,,
8863,universitat de valencia estudi general,,,,,,,,,,,,,,,,,,,,,,,,,,,,,,,,,,,,universitat de valencia estudi general,,,,,,,,,,,,,
8864,universitat de valencia estudi general,,,,,,,,,,,,,,,,,,,,,,,,,,,,,,,,,,,,universitat de valencia estudi general,,,,,,,,,,,,,
8865,uv,,,,,,,,,,,,,,,,,,,,,,,,,,,,,,,,,,,,uv,,,,,,,,,,,,,
8866,escuela de ingenierias industriales,,,,,,,,,,,,,,,,,,,,,,,,,,,,,,,,,,,,escuela de ingenierias industriales,,,,,,,,,,,,,
8867,escuela de ingenierias industriales,,,,,,,,,,,,,,,,,,,,,,,,,,,,,,,,,,,,escuela de ingenierias industriales,,,,,,,,,,,,,
8868,escuela de ingenierias industriales,,,,,,,,,,,,,,,,,,,,,,,,,,,,,,,,,,,,escuela de ingenierias industriales,,,,,,,,,,,,,
8869,facultad de ciencias,,,,,,,,,,,,,,,,,,,,,,,,,,,,,,,,,,,,facultad de ciencias,,,,,,,,,,,,,
8870,facultad de ciencias economicas y empresariales,,,,,,,,,,,,,,,,,,,,,,,,,,,,,,,,,,,,facultad de ciencias economicas y empresariales,,,,,,,,,,,,,
8871,facultad de filosofia y letras,,,,,,,,,,,,,,,,,,,,,,,,,,,,,,,,,,,,facultad de filosofia y letras,,,,,,,,,,,,,
8873,dpto ingenieria quimica,,,,,,,,,,,,,,,,,,,,,,,,,,,,,,,,,,,,dpto ingenieria quimica,,,,,,,,,,,,,
8874,escuela tecnica superior de ingenieros industriales,,,,,,,,,,,,,,,,,,,,,,,,,,,,,,,,,,,,escuela tecnica superior de ingenieros industriales,,,,,,,,,,,,,
8875,escuela universitaria estudios empresariales,,,,,,,,,,,,,,,,,,,,,,,,,,,,,,,,,,,,escuela universitaria estudios empresariales,,,,,,,,,,,,,
8876,facultad de ciencias del mar,,,,,,,,,,,,,,,,,,,,,,,,,,,,,,,,,,,,facultad de ciencias del mar,,,,,,,,,,,,,
8877,facultad de ciencias del mar,,,,,,,,,,,,,,,,,,,,,,,,,,,,,,,,,,,,facultad de ciencias del mar,,,,,,,,,,,,,
8878,facultad de ciencias juridicas y del tra,,,,,,,,,,,,,,,,,,,,,,,,,,,,,,,,,,,,facultad de ciencias juridicas y del tra,,,,,,,,,,,,,
8879,vicerrectorado de investigacion,,,,,,,,,,,,,,,,,,,,,,,,,,,,,,,,,,,,vicerrectorado de investigacion,,,,,,,,,,,,,
8880,vicerrectorado de investigacion,,,,,,,,,,,,,,,,,,,,,,,,,,,,,,,,,,,,vicerrectorado de investigacion,,,,,,,,,,,,,
8881,77,,,,,,,,,,,,,,,,,,,,,,,,,,,,,,,,,,,,77,,,,,,,,,,,,,
8882,77,,,,,,,,,,,,,,,,,,,,,,,,,,,,,,,,,,,,77,,,,,,,,,,,,,
8883,77,,,,,,,,,,,,,,,,,,,,,,,,,,,,,,,,,,,,77,,,,,,,,,,,,,
8884,77,,,,,,,,,,,,,,,,,,,,,,,,,,,,,,,,,,,,77,,,,,,,,,,,,,
8885,77,,,,,,,,,,,,,,,,,,,,,,,,,,,,,,,,,,,,77,,,,,,,,,,,,,
8886,dpto microbiologia medicina preventiva y salud publica,,,,,,,,,,,,,,,,,,,,,,,,,,,,,,,,,,,,dpto microbiologia medicina preventiva y salud publica,,,,,,,,,,,,,
8887,facultad de ciencias,,,,,,,,,,,,,,,,,,,,,,,,,,,,,,,,,,,,facultad de ciencias,,,,,,,,,,,,,
8888,facultad de ciencias,,,,,,,,,,,,,,,,,,,,,,,,,,,,,,,,,,,,facultad de ciencias,,,,,,,,,,,,,
8889,facultad de ciencias sociales y humanas,,,,,,,,,,,,,,,,,,,,,,,,,,,,,,,,,,,,facultad de ciencias sociales y humanas,,,,,,,,,,,,,
8890,facultad de medicina,,,,,,,,,,,,,,,,,,,,,,,,,,,,,,,,,,,,facultad de medicina,,,,,,,,,,,,,
8891,facultad de veterinaria,,,,,,,,,,,,,,,,,,,,,,,,,,,,,,,,,,,,facultad de veterinaria,,,,,,,,,,,,,
8892,instituto universitario de investigacion en nanociencia de aragon,,,,,,,,,,,,,,,,,,,,,,,,,,,,,,,,,,,,instituto universitario de investigacion en nanociencia de aragon,,,,,,,,,,,,,
8895,centro de ensenanza universitaria sek s a,,,,,,,,,,,,,,,,,,,,,,,,,,,,,,,,,,,,centro de ensenanza universitaria sek s a,,,,,,,,,,,,,
8896,77,,,,,,,,,,,,,,,,,,,,,,,,,,,,,,,,,,,,77,,,,,,,,,,,,,
8897,usp ceu facultad de farmacia,,,,,,,,,,,,,,,,,,,,,,,,,,,,,,,,,,,,usp ceu facultad de farmacia,,,,,,,,,,,,,
8898,usp ceu facultad de humanidades y ciencias de la comunicacion,,,,,,,,,,,,,,,,,,,,,,,,,,,,,,,,,,,,usp ceu facultad de humanidades y ciencias de la comunicacion,,,,,,,,,,,,,
8899,77,,,,,,,,,,,,,,,,,,,,,,,,,,,,,,,,,,,,77,,,,,,,,,,,,,
8900,facultad de farmacia y nutricion de pamplona,,,,,,,,,,,,,,,,,,,,,,,,,,,,,,,,,,,,facultad de farmacia y nutricion de pamplona,,,,,,,,,,,,,
8901,instituto cultura y sociedad,,,,,,,,,,,,,,,,,,,,,,,,,,,,,,,,,,,,instituto cultura y sociedad,,,,,,,,,,,,,
8902,instituto de estudios superiores de la empresa barcelona,,,,,,,,,,,,,,,,,,,,,,,,,,,,,,,,,,,,instituto de estudios superiores de la empresa barcelona,,,,,,,,,,,,,
8903,universidad de navarra,,,,,,,,,,,,,,,,,,,,,,,,,,,,,,,,,,,,universidad de navarra,,,,,,,,,,,,,
8904,instituto interdisciplinario de internet in3,,,,,,,,,,,,,,,,,,,,,,,,,,,,,,,,,,,,instituto interdisciplinario de internet in3,,,,,,,,,,,,,
8905,facultad de educacion,,,,,,,,,,,,,,,,,,,,,,,,,,,,,,,,,,,,facultad de educacion,,,,,,,,,,,,,
8912,institut de recerca biomedica,,,,,,,,,,,,,,,,,,,,,,,,,,,,,,,,,,,,institut de recerca biomedica,,,,,,,,,,,,,
8913,institut de recerca biomedica,,,,,,,,,,,,,,,,,,,,,,,,,,,,,,,,,,,,institut de recerca biomedica,,,,,,,,,,,,,
8914,institut de recerca biomedica,,,,,,,,,,,,,,,,,,,,,,,,,,,,,,,,,,,,institut de recerca biomedica,,,,,,,,,,,,,
8915,institut de recerca biomedica,,,,,,,,,,,,,,,,,,,,,,,,,,,,,,,,,,,,institut de recerca biomedica,,,,,,,,,,,,,
8916,institut de recerca biomedica,,,,,,,,,,,,,,,,,,,,,,,,,,,,,,,,,,,,institut de recerca biomedica,,,,,,,,,,,,,
8918,area de instrumentacion,,,,,,,,,,,,,,,,,,,,,,,,,,,,,,,,,,,,area de instrumentacion,,,,,,,,,,,,,
8919,77,,,,,,,,,,,,,,,,,,,,,,,,,,,,,,,,,,,,77,,,,,,,,,,,,,
8920,724,,,,,,,,,,,,,,,,,,,,,,,,,,,,,,,,,,,,724,,,,,,,,,,,,,
